record_id,relative_path,folder_date,file_name,file_type,created_at,modified_at,fund_name_raw,fund_name_normalized,artifact_type_observed,work_observed,work_inferred,inference_basis,confidence,fund_match_status,fund_canonical_name,e2e_candidate,review_required,notes
FWO-0001,0724/##합본_디토 크레이버 케이뷰티 투자조합_고유번호증 신청 접수증.pdf,0724,##합본_디토 크레이버 케이뷰티 투자조합_고유번호증 신청 접수증.pdf,pdf (application/pdf),2026-07-24T06:43:41.359Z,2026-07-24T06:43:01.864Z,디토 크레이버 케이뷰티 투자조합,디토 크레이버 케이뷰티 투자조합,RECEIPT,고유번호증 신청 접수증,기관 접수 완료 가능성,파일명·상대경로 메타데이터,CONFIRMED,NOT_FOUND,,E2E-03 고유번호증 신규 신청,YES,FUND 마스터 일치 없음
FWO-0002,0724/##합본_디토 크레이버 케이뷰티 투자조합_고유번호증 신청서류.pdf,0724,##합본_디토 크레이버 케이뷰티 투자조합_고유번호증 신청서류.pdf,pdf (application/pdf),2026-07-24T01:27:31.313Z,2026-07-24T01:26:53.612Z,디토 크레이버 케이뷰티 투자조합,디토 크레이버 케이뷰티 투자조합,SUBMISSION_PACKAGE,고유번호증 신청서류,신규 신청 준비·제출 가능성,파일명·상대경로 메타데이터,CONFIRMED,NOT_FOUND,,E2E-03 고유번호증 신규 신청,YES,FUND 마스터 일치 없음
FWO-0003,0724/##합본_아타카마-벤처스투자조합13호_계좌개설 신청서류.pdf,0724,##합본_아타카마-벤처스투자조합13호_계좌개설 신청서류.pdf,pdf (application/pdf),2026-07-24T01:27:31.208Z,2026-07-24T01:26:17.250Z,아타카마-벤처스투자조합13호,아타카마-벤처스투자조합13호,SUBMISSION_PACKAGE,계좌개설 신청·제출서류,계좌개설 준비·신청 가능성,파일명·상대경로 메타데이터,CONFIRMED,NOT_FOUND,,계좌개설 준비·신청,YES,FUND 마스터 일치 없음
FWO-0004,0723/아타카마-벤처스투자조합13호_보안카드.pdf,0723,아타카마-벤처스투자조합13호_보안카드.pdf,pdf (application/pdf),2026-07-23T05:46:27.015Z,2026-07-23T05:46:12.854Z,아타카마-벤처스투자조합13호,아타카마-벤처스투자조합13호,SECURITY_CARD,보안카드,보안카드 발급·수령 가능성,파일명·상대경로 메타데이터,CONFIRMED,NOT_FOUND,,보안카드 발급·수령,YES,FUND 마스터 일치 없음
FWO-0005,0722/#이베스트 스마트 컨텐츠 신기술조합_고유번호증 폐업 신고 신청서류.pdf,0722,#이베스트 스마트 컨텐츠 신기술조합_고유번호증 폐업 신고 신청서류.pdf,pdf (application/pdf),2026-07-22T05:04:39.741Z,2026-07-22T07:24:59.717Z,이베스트 스마트 컨텐츠 신기술조합,이베스트 스마트 컨텐츠 신기술조합,SUBMISSION_PACKAGE,고유번호증 폐업·청산 산출물,폐업 신고 준비·제출 가능성,파일명·상대경로 메타데이터,CONFIRMED,EXACT_1,이베스트 스마트 컨텐츠 신기술조합,고유번호증 폐업·청산,NO,
FWO-0006,0722/#이베스트 시노 신기술조합 제일호_금융소득 지급명세 신고 신청서류.pdf,0722,#이베스트 시노 신기술조합 제일호_금융소득 지급명세 신고 신청서류.pdf,pdf (application/pdf),2026-07-22T05:03:45.011Z,2026-07-22T07:24:47.355Z,이베스트 시노 신기술조합 제일호,이베스트 시노 신기술조합 제일호,SUBMISSION_PACKAGE,금융소득 지급명세 신고 산출물,세무서 기타 업무 가능성,파일명·상대경로 메타데이터,CONFIRMED,EXACT_1,이베스트 시노 신기술조합 제일호,세무서 기타 업무,NO,
FWO-0007,0722/#이베스트 스마트 컨텐츠 신기술조합_금융소득 지급명세 신고 신청서류.pdf,0722,#이베스트 스마트 컨텐츠 신기술조합_금융소득 지급명세 신고 신청서류.pdf,pdf (application/pdf),2026-07-22T05:04:57.349Z,2026-07-22T07:24:42.658Z,이베스트 스마트 컨텐츠 신기술조합,이베스트 스마트 컨텐츠 신기술조합,SUBMISSION_PACKAGE,금융소득 지급명세 신고 산출물,세무서 기타 업무 가능성,파일명·상대경로 메타데이터,CONFIRMED,EXACT_1,이베스트 스마트 컨텐츠 신기술조합,세무서 기타 업무,NO,
FWO-0008,0722/#이베스트 시노 신기술조합 제일호_고유번호증 폐업 신고 신청서류.pdf,0722,#이베스트 시노 신기술조합 제일호_고유번호증 폐업 신고 신청서류.pdf,pdf (application/pdf),2026-07-22T05:03:18.304Z,2026-07-22T07:24:34.408Z,이베스트 시노 신기술조합 제일호,이베스트 시노 신기술조합 제일호,SUBMISSION_PACKAGE,고유번호증 폐업·청산 산출물,폐업 신고 준비·제출 가능성,파일명·상대경로 메타데이터,CONFIRMED,EXACT_1,이베스트 시노 신기술조합 제일호,고유번호증 폐업·청산,NO,
FWO-0009,0722/##이베스트 시노 신기술조합 제일호_금융소득 지급명세 신고 접수증.pdf,0722,##이베스트 시노 신기술조합 제일호_금융소득 지급명세 신고 접수증.pdf,pdf (application/pdf),2026-07-22T07:21:59.397Z,2026-07-22T07:21:53.884Z,이베스트 시노 신기술조합 제일호,이베스트 시노 신기술조합 제일호,RECEIPT,금융소득 지급명세 신고 산출물,세무서 기타 업무 가능성,파일명·상대경로 메타데이터,CONFIRMED,EXACT_1,이베스트 시노 신기술조합 제일호,세무서 기타 업무,NO,
FWO-0010,0722/#이베스트 시노 신기술조합 제일호_고유번호증 폐업 접수증.pdf,0722,#이베스트 시노 신기술조합 제일호_고유번호증 폐업 접수증.pdf,pdf (application/pdf),2026-07-22T07:21:59.349Z,2026-07-22T07:21:42.055Z,이베스트 시노 신기술조합 제일호,이베스트 시노 신기술조합 제일호,RECEIPT,고유번호증 폐업·청산 산출물,폐업 신고 접수 가능성,파일명·상대경로 메타데이터,CONFIRMED,EXACT_1,이베스트 시노 신기술조합 제일호,고유번호증 폐업·청산,NO,
FWO-0011,0722/#이베스트 스마트 컨텐츠 신기술조합_금융소득 지급명세 신고 접수증.pdf,0722,#이베스트 스마트 컨텐츠 신기술조합_금융소득 지급명세 신고 접수증.pdf,pdf (application/pdf),2026-07-22T07:21:59.320Z,2026-07-22T07:21:17.831Z,이베스트 스마트 컨텐츠 신기술조합,이베스트 스마트 컨텐츠 신기술조합,RECEIPT,금융소득 지급명세 신고 산출물,세무서 기타 업무 가능성,파일명·상대경로 메타데이터,CONFIRMED,EXACT_1,이베스트 스마트 컨텐츠 신기술조합,세무서 기타 업무,NO,
FWO-0012,0722/#이베스트 스마트 컨텐츠 신기술조합_고유번호증 폐업 접수증.pdf,0722,#이베스트 스마트 컨텐츠 신기술조합_고유번호증 폐업 접수증.pdf,pdf (application/pdf),2026-07-22T07:21:59.274Z,2026-07-22T07:20:56.175Z,이베스트 스마트 컨텐츠 신기술조합,이베스트 스마트 컨텐츠 신기술조합,RECEIPT,고유번호증 폐업·청산 산출물,폐업 신고 접수 가능성,파일명·상대경로 메타데이터,CONFIRMED,EXACT_1,이베스트 스마트 컨텐츠 신기술조합,고유번호증 폐업·청산,NO,
FWO-0013,0722/아타카마-벤처스투자조합13호_고유번호증.pdf,0722,아타카마-벤처스투자조합13호_고유번호증.pdf,pdf (application/pdf),2026-07-22T03:59:04.464Z,2026-07-22T03:57:14.033Z,아타카마-벤처스투자조합13호,아타카마-벤처스투자조합13호,RESULT_DOCUMENT,고유번호증 결과물,결과물 수령 가능성,파일명·상대경로 메타데이터,CONFIRMED,NOT_FOUND,,E2E-03 고유번호증 신규 신청,YES,FUND 마스터 일치 없음
FWO-0014,0722/#아타카마-벤처스투자조합13호_보안카드 신청서류.pdf,0722,#아타카마-벤처스투자조합13호_보안카드 신청서류.pdf,pdf (application/pdf),2026-07-22T03:59:04.522Z,2026-07-22T03:57:07.076Z,아타카마-벤처스투자조합13호,아타카마-벤처스투자조합13호,SUBMISSION_PACKAGE,보안카드 신청서류,보안카드 발급 신청 가능성,파일명·상대경로 메타데이터,CONFIRMED,NOT_FOUND,,보안카드 발급·수령,YES,FUND 마스터 일치 없음
FWO-0015,0721/케이와이제이 개인투자조합 1호_통장 사본.pdf,0721,케이와이제이 개인투자조합 1호_통장 사본.pdf,pdf (application/pdf),2026-07-21T05:43:00.566Z,2026-07-21T05:42:59.810Z,케이와이제이 개인투자조합 1호,케이와이제이 개인투자조합 1호,BANKBOOK_COPY,통장 사본,계좌개설 완료 산출물 가능성,파일명·상대경로 메타데이터,CONFIRMED,NOT_FOUND,,계좌개설 완료 산출물,YES,FUND 마스터 일치 없음
FWO-0016,0716/#아타카마-벤처스투자조합13호_고유번호증 접수증.pdf,0716,#아타카마-벤처스투자조합13호_고유번호증 접수증.pdf,pdf (application/pdf),2026-07-16T08:43:19.002Z,2026-07-16T08:43:38.506Z,아타카마-벤처스투자조합13호,아타카마-벤처스투자조합13호,RECEIPT,고유번호증 신청 접수증,기관 접수 완료 가능성,파일명·상대경로 메타데이터,CONFIRMED,NOT_FOUND,,E2E-03 고유번호증 신규 신청,YES,FUND 마스터 일치 없음
FWO-0017,0716/##합본_아타카마-벤처스투자조합13호_고유번호증 신청서류.pdf,0716,##합본_아타카마-벤처스투자조합13호_고유번호증 신청서류.pdf,pdf (application/pdf),2026-07-16T07:05:19.854Z,2026-07-16T07:13:48.591Z,아타카마-벤처스투자조합13호,아타카마-벤처스투자조합13호,SUBMISSION_PACKAGE,고유번호증 신청서류,신규 신청 준비·제출 가능성,파일명·상대경로 메타데이터,CONFIRMED,NOT_FOUND,,E2E-03 고유번호증 신규 신청,YES,FUND 마스터 일치 없음
FWO-0018,0715/케이와이제이 개인투자조합 1호_보안카드.pdf,0715,케이와이제이 개인투자조합 1호_보안카드.pdf,pdf (application/pdf),2026-07-15T08:33:46.832Z,2026-07-15T08:34:11.251Z,케이와이제이 개인투자조합 1호,케이와이제이 개인투자조합 1호,SECURITY_CARD,보안카드,보안카드 발급·수령 가능성,파일명·상대경로 메타데이터,CONFIRMED,NOT_FOUND,,보안카드 발급·수령,YES,FUND 마스터 일치 없음
FWO-0019,0715/케이와이제이 개인투자조합 1호_보안카드.jpg,0715,케이와이제이 개인투자조합 1호_보안카드.jpg,jpg (image/jpeg),2026-07-15T08:33:09.813Z,2026-07-15T08:33:08.897Z,케이와이제이 개인투자조합 1호,케이와이제이 개인투자조합 1호,SECURITY_CARD,보안카드,보안카드 발급·수령 가능성,파일명·상대경로 메타데이터,CONFIRMED,NOT_FOUND,,보안카드 발급·수령,YES,FUND 마스터 일치 없음
FWO-0020,0715/###은행 업무 프로세스 개선 인터뷰 정리.txt,0715,###은행 업무 프로세스 개선 인터뷰 정리.txt,txt (text/plain),2026-07-15T06:33:27.928Z,2026-07-15T08:06:49.217Z,,,INTERVIEW_REFERENCE,인터뷰·참고자료,업무 Process 참고자료,파일명·상대경로 메타데이터,CONFIRMED,NOT_CHECKED,,,YES,
FWO-0021,0715/스타이노베이션 제2호 벤처투자조합_고유번호증(정정2).pdf,0715,스타이노베이션 제2호 벤처투자조합_고유번호증(정정2).pdf,pdf (application/pdf),2026-07-15T08:04:26.923Z,2026-07-15T08:04:26.105Z,스타이노베이션 제2호 벤처투자조합,스타이노베이션 제2호 벤처투자조합,RESULT_DOCUMENT,고유번호증 정정 산출물,정정 결과물 수령 가능성,파일명·상대경로 메타데이터,CONFIRMED,EXACT_1,스타이노베이션 제2호 벤처투자조합,고유번호증 정정,NO,
FWO-0022,0715/에스케이에스-스타벤처스 제1호 벤처투자조합_고유번호증(정정3).pdf,0715,에스케이에스-스타벤처스 제1호 벤처투자조합_고유번호증(정정3).pdf,pdf (application/pdf),2026-07-15T08:04:16.513Z,2026-07-15T08:04:15.737Z,에스케이에스-스타벤처스 제1호 벤처투자조합,에스케이에스-스타벤처스 제1호 벤처투자조합,RESULT_DOCUMENT,고유번호증 정정 산출물,정정 결과물 수령 가능성,파일명·상대경로 메타데이터,CONFIRMED,EXACT_1,에스케이에스-스타벤처스 제1호 벤처투자조합,고유번호증 정정,NO,
FWO-0023,0715/스타벤처스 개인투자조합 4호_고유번호증(정정2).pdf,0715,스타벤처스 개인투자조합 4호_고유번호증(정정2).pdf,pdf (application/pdf),2026-07-15T08:03:50.632Z,2026-07-15T08:03:49.855Z,스타벤처스 개인투자조합 4호,스타벤처스 개인투자조합 4호,RESULT_DOCUMENT,고유번호증 정정 산출물,정정 결과물 수령 가능성,파일명·상대경로 메타데이터,CONFIRMED,EXACT_1,스타벤처스 개인투자조합 4호,고유번호증 정정,NO,
FWO-0024,0715/스타벤처스 개인투자조합 3호_고유번호증(정정2).pdf,0715,스타벤처스 개인투자조합 3호_고유번호증(정정2).pdf,pdf (application/pdf),2026-07-15T08:03:45.906Z,2026-07-15T08:03:45.134Z,스타벤처스 개인투자조합 3호,스타벤처스 개인투자조합 3호,RESULT_DOCUMENT,고유번호증 정정 산출물,정정 결과물 수령 가능성,파일명·상대경로 메타데이터,CONFIRMED,EXACT_1,스타벤처스 개인투자조합 3호,고유번호증 정정,NO,
FWO-0025,0715/스타벤처스 개인투자조합 2호_고유번호증(정정2).pdf,0715,스타벤처스 개인투자조합 2호_고유번호증(정정2).pdf,pdf (application/pdf),2026-07-15T08:03:39.227Z,2026-07-15T08:03:38.459Z,스타벤처스 개인투자조합 2호,스타벤처스 개인투자조합 2호,RESULT_DOCUMENT,고유번호증 정정 산출물,정정 결과물 수령 가능성,파일명·상대경로 메타데이터,CONFIRMED,EXACT_1,스타벤처스 개인투자조합 2호,고유번호증 정정,NO,
FWO-0026,0715/스타벤처스 개인투자조합 1호_고유번호증(정정2).pdf,0715,스타벤처스 개인투자조합 1호_고유번호증(정정2).pdf,pdf (application/pdf),2026-07-15T08:03:32.648Z,2026-07-15T08:03:31.863Z,스타벤처스 개인투자조합 1호,스타벤처스 개인투자조합 1호,RESULT_DOCUMENT,고유번호증 정정 산출물,정정 결과물 수령 가능성,파일명·상대경로 메타데이터,CONFIRMED,EXACT_1,스타벤처스 개인투자조합 1호,고유번호증 정정,NO,
FWO-0027,0715/##합본(추가 서류)_케이와이제이 개인투자조합 1호_계좌개설 신청서류.pdf,0715,##합본(추가 서류)_케이와이제이 개인투자조합 1호_계좌개설 신청서류.pdf,pdf (application/pdf),2026-07-15T01:59:20.741Z,2026-07-15T01:59:20.121Z,케이와이제이 개인투자조합 1호,케이와이제이 개인투자조합 1호,SUPPLEMENT,계좌개설 보완 산출물,계좌개설 보완 가능성,파일명·상대경로 메타데이터,CONFIRMED,NOT_FOUND,,계좌개설 보완,YES,FUND 마스터 일치 없음
FWO-0028,0713/KakaoTalk_20260714_150545026_01.jpg,0713,KakaoTalk_20260714_150545026_01.jpg,jpg (image/jpeg),2026-07-14T06:05:51.477Z,2026-07-14T06:05:50.603Z,,,UNCLASSIFIED,분류 불가,근거 부족,파일명·상대경로 메타데이터,UNCLASSIFIED,NOT_CHECKED,,,YES,파일명만으로 업무 분류 불가
FWO-0029,0713/KakaoTalk_20260714_150545026.jpg,0713,KakaoTalk_20260714_150545026.jpg,jpg (image/jpeg),2026-07-14T06:05:51.506Z,2026-07-14T06:05:50.440Z,,,UNCLASSIFIED,분류 불가,근거 부족,파일명·상대경로 메타데이터,UNCLASSIFIED,NOT_CHECKED,,,YES,파일명만으로 업무 분류 불가
FWO-0030,0713/스타이노베이션 제2호 벤처투자조합_고유번호증(정정).pdf,0713,스타이노베이션 제2호 벤처투자조합_고유번호증(정정).pdf,pdf (application/pdf),2026-07-13T06:49:57.613Z,2026-07-13T06:39:16.977Z,스타이노베이션 제2호 벤처투자조합,스타이노베이션 제2호 벤처투자조합,RESULT_DOCUMENT,고유번호증 정정 산출물,정정 결과물 수령 가능성,파일명·상대경로 메타데이터,CONFIRMED,EXACT_1,스타이노베이션 제2호 벤처투자조합,고유번호증 정정,NO,
FWO-0031,0713/에스케이에스-스타벤처스 제1호 벤처투자조합_고유번호증(정정2).pdf,0713,에스케이에스-스타벤처스 제1호 벤처투자조합_고유번호증(정정2).pdf,pdf (application/pdf),2026-07-13T06:49:57.668Z,2026-07-13T06:38:56.314Z,에스케이에스-스타벤처스 제1호 벤처투자조합,에스케이에스-스타벤처스 제1호 벤처투자조합,RESULT_DOCUMENT,고유번호증 정정 산출물,정정 결과물 수령 가능성,파일명·상대경로 메타데이터,CONFIRMED,EXACT_1,에스케이에스-스타벤처스 제1호 벤처투자조합,고유번호증 정정,NO,
FWO-0032,0713/스타벤처스 개인투자조합 4호_고유번호증(정정).pdf,0713,스타벤처스 개인투자조합 4호_고유번호증(정정).pdf,pdf (application/pdf),2026-07-13T06:49:57.586Z,2026-07-13T06:38:35.277Z,스타벤처스 개인투자조합 4호,스타벤처스 개인투자조합 4호,RESULT_DOCUMENT,고유번호증 정정 산출물,정정 결과물 수령 가능성,파일명·상대경로 메타데이터,CONFIRMED,EXACT_1,스타벤처스 개인투자조합 4호,고유번호증 정정,NO,
FWO-0033,0713/스타벤처스 개인투자조합 3호_고유번호증(정정).pdf,0713,스타벤처스 개인투자조합 3호_고유번호증(정정).pdf,pdf (application/pdf),2026-07-13T06:49:57.453Z,2026-07-13T06:38:23.414Z,스타벤처스 개인투자조합 3호,스타벤처스 개인투자조합 3호,RESULT_DOCUMENT,고유번호증 정정 산출물,정정 결과물 수령 가능성,파일명·상대경로 메타데이터,CONFIRMED,EXACT_1,스타벤처스 개인투자조합 3호,고유번호증 정정,NO,
FWO-0034,0713/스타벤처스 개인투자조합 2호_고유번호증(정정).pdf,0713,스타벤처스 개인투자조합 2호_고유번호증(정정).pdf,pdf (application/pdf),2026-07-13T06:49:57.528Z,2026-07-13T06:38:04.204Z,스타벤처스 개인투자조합 2호,스타벤처스 개인투자조합 2호,RESULT_DOCUMENT,고유번호증 정정 산출물,정정 결과물 수령 가능성,파일명·상대경로 메타데이터,CONFIRMED,EXACT_1,스타벤처스 개인투자조합 2호,고유번호증 정정,NO,
FWO-0035,0713/스타벤처스 개인투자조합 1호_고유번호증(정정).pdf,0713,스타벤처스 개인투자조합 1호_고유번호증(정정).pdf,pdf (application/pdf),2026-07-13T06:49:57.496Z,2026-07-13T06:37:55.185Z,스타벤처스 개인투자조합 1호,스타벤처스 개인투자조합 1호,RESULT_DOCUMENT,고유번호증 정정 산출물,정정 결과물 수령 가능성,파일명·상대경로 메타데이터,CONFIRMED,EXACT_1,스타벤처스 개인투자조합 1호,고유번호증 정정,NO,
FWO-0036,0713/테크브릿지 제1호 개인투자조합_고유번호증.pdf,0713,테크브릿지 제1호 개인투자조합_고유번호증.pdf,pdf (application/pdf),2026-07-13T06:49:57.558Z,2026-07-13T06:37:37.874Z,테크브릿지 제1호 개인투자조합,테크브릿지 제1호 개인투자조합,RESULT_DOCUMENT,고유번호증 결과물,결과물 수령 가능성,파일명·상대경로 메타데이터,CONFIRMED,NOT_FOUND,,E2E-03 고유번호증 신규 신청,YES,FUND 마스터 일치 없음
FWO-0037,0713/스타벤처스 개인투자조합 5호_고유번호증.pdf,0713,스타벤처스 개인투자조합 5호_고유번호증.pdf,pdf (application/pdf),2026-07-13T06:49:57.639Z,2026-07-13T06:37:08.782Z,스타벤처스 개인투자조합 5호,스타벤처스 개인투자조합 5호,RESULT_DOCUMENT,고유번호증 결과물,결과물 수령 가능성,파일명·상대경로 메타데이터,CONFIRMED,NOT_FOUND,,E2E-03 고유번호증 신규 신청,YES,FUND 마스터 일치 없음
FWO-0038,0713/#케이와이제이 개인투자조합 1호_고유번호증 신청 접수증.pdf,0713,#케이와이제이 개인투자조합 1호_고유번호증 신청 접수증.pdf,pdf (application/pdf),2026-07-13T06:36:29.925Z,2026-07-13T06:36:29.330Z,케이와이제이 개인투자조합 1호,케이와이제이 개인투자조합 1호,RECEIPT,고유번호증 신청 접수증,기관 접수 완료 가능성,파일명·상대경로 메타데이터,CONFIRMED,NOT_FOUND,,E2E-03 고유번호증 신규 신청,YES,FUND 마스터 일치 없음
FWO-0039,0713/더블유제이원 조합_통장 사본.pdf,0713,더블유제이원 조합_통장 사본.pdf,pdf (application/pdf),2026-07-13T06:34:20.962Z,2026-07-13T06:32:22.446Z,더블유제이원 조합,더블유제이원 조합,BANKBOOK_COPY,통장 사본,계좌개설 완료 산출물 가능성,파일명·상대경로 메타데이터,CONFIRMED,NOT_FOUND,,계좌개설 완료 산출물,YES,FUND 마스터 일치 없음
FWO-0040,0713/#테크브릿지 제1호 개인투자조합_보안카드 신청서류.pdf,0713,#테크브릿지 제1호 개인투자조합_보안카드 신청서류.pdf,pdf (application/pdf),2026-07-13T05:26:53.381Z,2026-07-13T05:26:52.980Z,테크브릿지 제1호 개인투자조합,테크브릿지 제1호 개인투자조합,SUBMISSION_PACKAGE,보안카드 신청서류,보안카드 발급 신청 가능성,파일명·상대경로 메타데이터,CONFIRMED,NOT_FOUND,,보안카드 발급·수령,YES,FUND 마스터 일치 없음
FWO-0041,0714/테크브릿지 제1호 개인투자조합__보안카드.pdf,0714,테크브릿지 제1호 개인투자조합__보안카드.pdf,pdf (application/pdf),2026-07-14T06:06:54.865Z,2026-07-14T06:08:49.702Z,테크브릿지 제1호 개인투자조합,테크브릿지 제1호 개인투자조합,SECURITY_CARD,보안카드,보안카드 발급·수령 가능성,파일명·상대경로 메타데이터,CONFIRMED,NOT_FOUND,,보안카드 발급·수령,YES,FUND 마스터 일치 없음
FWO-0042,0714/스타벤처스 개인투자조합 5호_보안카드.pdf,0714,스타벤처스 개인투자조합 5호_보안카드.pdf,pdf (application/pdf),2026-07-14T06:06:36.152Z,2026-07-14T06:07:55.388Z,스타벤처스 개인투자조합 5호,스타벤처스 개인투자조합 5호,SECURITY_CARD,보안카드,보안카드 발급·수령 가능성,파일명·상대경로 메타데이터,CONFIRMED,NOT_FOUND,,보안카드 발급·수령,YES,FUND 마스터 일치 없음
FWO-0043,0714/##합본_스타벤처스 개인투자조합 5호_계좌개설 제출서류(안전).pdf,0714,##합본_스타벤처스 개인투자조합 5호_계좌개설 제출서류(안전).pdf,pdf (application/pdf),2026-07-13T07:21:53.941Z,2026-07-13T07:23:46.012Z,스타벤처스 개인투자조합 5호,스타벤처스 개인투자조합 5호,SUBMISSION_PACKAGE,계좌개설 신청·제출서류,계좌개설 준비·신청 가능성,파일명·상대경로 메타데이터,CONFIRMED,NOT_FOUND,,계좌개설 준비·신청,YES,FUND 마스터 일치 없음
FWO-0044,0710/더블유제이원 조합_보안카드.pdf,0710,더블유제이원 조합_보안카드.pdf,pdf (application/pdf),2026-07-10T07:50:46.945Z,2026-07-10T07:54:08.436Z,더블유제이원 조합,더블유제이원 조합,SECURITY_CARD,보안카드,보안카드 발급·수령 가능성,파일명·상대경로 메타데이터,CONFIRMED,NOT_FOUND,,보안카드 발급·수령,YES,FUND 마스터 일치 없음
FWO-0045,0710/하이 글로벌 덴탈 신기술사업투자조합_보안카드.pdf,0710,하이 글로벌 덴탈 신기술사업투자조합_보안카드.pdf,pdf (application/pdf),2026-07-10T07:51:05.021Z,2026-07-10T07:53:45.711Z,하이 글로벌 덴탈 신기술사업투자조합,하이 글로벌 덴탈 신기술사업투자조합,SECURITY_CARD,보안카드,보안카드 발급·수령 가능성,파일명·상대경로 메타데이터,CONFIRMED,SIMILAR_1,하이 글로벌 덴탈 신기술사업투자조합(SME),보안카드 발급·수령,YES,유사명 자동 연결 금지; 사람 확인 필요
FWO-0046,0710/피움AI넥스트마린라이프신기술사업금융투자조합_보안카드.pdf,0710,피움AI넥스트마린라이프신기술사업금융투자조합_보안카드.pdf,pdf (application/pdf),2026-07-10T07:51:22.334Z,2026-07-10T07:53:09.655Z,피움AI넥스트마린라이프신기술사업금융투자조합,피움AI넥스트마린라이프신기술사업금융투자조합,SECURITY_CARD,보안카드,보안카드 발급·수령 가능성,파일명·상대경로 메타데이터,CONFIRMED,NOT_FOUND,,보안카드 발급·수령,YES,FUND 마스터 일치 없음
FWO-0047,0710/피움AI넥스트마린라이프신기술사업금융투자조합_보안카드.jpg,0710,피움AI넥스트마린라이프신기술사업금융투자조합_보안카드.jpg,jpg (image/jpeg),2026-07-10T07:48:55.531Z,2026-07-10T07:48:54.638Z,피움AI넥스트마린라이프신기술사업금융투자조합,피움AI넥스트마린라이프신기술사업금융투자조합,SECURITY_CARD,보안카드,보안카드 발급·수령 가능성,파일명·상대경로 메타데이터,CONFIRMED,NOT_FOUND,,보안카드 발급·수령,YES,FUND 마스터 일치 없음
FWO-0048,0710/하이 글로벌 덴탈 신기술사업투자조합_보안카드.jpg,0710,하이 글로벌 덴탈 신기술사업투자조합_보안카드.jpg,jpg (image/jpeg),2026-07-10T07:48:55.552Z,2026-07-10T07:48:54.497Z,하이 글로벌 덴탈 신기술사업투자조합,하이 글로벌 덴탈 신기술사업투자조합,SECURITY_CARD,보안카드,보안카드 발급·수령 가능성,파일명·상대경로 메타데이터,CONFIRMED,SIMILAR_1,하이 글로벌 덴탈 신기술사업투자조합(SME),보안카드 발급·수령,YES,유사명 자동 연결 금지; 사람 확인 필요
FWO-0049,0710/더블유제이원 조합_보안카드.jpg,0710,더블유제이원 조합_보안카드.jpg,jpg (image/jpeg),2026-07-10T07:48:55.507Z,2026-07-10T07:48:54.494Z,더블유제이원 조합,더블유제이원 조합,SECURITY_CARD,보안카드,보안카드 발급·수령 가능성,파일명·상대경로 메타데이터,CONFIRMED,NOT_FOUND,,보안카드 발급·수령,YES,FUND 마스터 일치 없음
FWO-0050,0710/##합본_테크브릿지 제1호 개인투자조합_고유번호증 신청서류.pdf,0710,##합본_테크브릿지 제1호 개인투자조합_고유번호증 신청서류.pdf,pdf (application/pdf),2026-07-10T07:22:36.749Z,2026-07-10T07:23:03.513Z,테크브릿지 제1호 개인투자조합,테크브릿지 제1호 개인투자조합,SUBMISSION_PACKAGE,고유번호증 신청서류,신규 신청 준비·제출 가능성,파일명·상대경로 메타데이터,CONFIRMED,NOT_FOUND,,E2E-03 고유번호증 신규 신청,YES,FUND 마스터 일치 없음
FWO-0051,0710/#테크브릿지 제1호 개인투자조합_고유번호증 접수증.pdf,0710,#테크브릿지 제1호 개인투자조합_고유번호증 접수증.pdf,pdf (application/pdf),2026-07-10T07:22:50.441Z,2026-07-10T07:22:49.774Z,테크브릿지 제1호 개인투자조합,테크브릿지 제1호 개인투자조합,RECEIPT,고유번호증 신청 접수증,기관 접수 완료 가능성,파일명·상대경로 메타데이터,CONFIRMED,NOT_FOUND,,E2E-03 고유번호증 신규 신청,YES,FUND 마스터 일치 없음
FWO-0052,0710/#스타벤처스 개인투자조합 5호_보안카드 신청서류.pdf,0710,#스타벤처스 개인투자조합 5호_보안카드 신청서류.pdf,pdf (application/pdf),2026-07-10T07:21:58.946Z,2026-07-10T07:21:58.410Z,스타벤처스 개인투자조합 5호,스타벤처스 개인투자조합 5호,SUBMISSION_PACKAGE,보안카드 신청서류,보안카드 발급 신청 가능성,파일명·상대경로 메타데이터,CONFIRMED,NOT_FOUND,,보안카드 발급·수령,YES,FUND 마스터 일치 없음
FWO-0053,0710/##합본_더블유제이원 조합_계좌개설 제출서류.pdf,0710,##합본_더블유제이원 조합_계좌개설 제출서류.pdf,pdf (application/pdf),2026-07-10T02:15:48.332Z,2026-07-10T02:31:09.125Z,더블유제이원 조합,더블유제이원 조합,SUBMISSION_PACKAGE,계좌개설 신청·제출서류,계좌개설 준비·신청 가능성,파일명·상대경로 메타데이터,CONFIRMED,NOT_FOUND,,계좌개설 준비·신청,YES,FUND 마스터 일치 없음
FWO-0054,0710/한국딥테크기술투자조합통장사본.pdf.pdf,0710,한국딥테크기술투자조합통장사본.pdf.pdf,pdf (application/pdf),2026-07-10T02:29:05.772Z,2026-07-10T02:29:05.115Z,한국딥테크기술투자조합,한국딥테크기술투자조합,BANKBOOK_COPY,통장 사본,계좌개설 완료 산출물 가능성,파일명·상대경로 메타데이터,CONFIRMED,NOT_FOUND,,계좌개설 완료 산출물,YES,FUND 마스터 일치 없음
FWO-0055,0709/#더블유제이원 조합_고유번호증 접수증.pdf,0709,#더블유제이원 조합_고유번호증 접수증.pdf,pdf (application/pdf),2026-07-09T09:08:55.720Z,2026-07-09T09:09:07.696Z,더블유제이원 조합,더블유제이원 조합,RECEIPT,고유번호증 신청 접수증,기관 접수 완료 가능성,파일명·상대경로 메타데이터,CONFIRMED,NOT_FOUND,,E2E-03 고유번호증 신규 신청,YES,FUND 마스터 일치 없음
FWO-0056,0709/#더블유제이원 조합_보안카드 신청서류.pdf,0709,#더블유제이원 조합_보안카드 신청서류.pdf,pdf (application/pdf),2026-07-09T09:08:19.266Z,2026-07-09T09:08:33.615Z,더블유제이원 조합,더블유제이원 조합,SUBMISSION_PACKAGE,보안카드 신청서류,보안카드 발급 신청 가능성,파일명·상대경로 메타데이터,CONFIRMED,NOT_FOUND,,보안카드 발급·수령,YES,FUND 마스터 일치 없음
FWO-0057,0709/세원 개인투자조합 제1호_고유번호증(정정).pdf,0709,세원 개인투자조합 제1호_고유번호증(정정).pdf,pdf (application/pdf),2026-07-09T08:42:30.873Z,2026-07-09T08:42:30.277Z,세원 개인투자조합 제1호,세원 개인투자조합 제1호,RESULT_DOCUMENT,고유번호증 정정 산출물,정정 결과물 수령 가능성,파일명·상대경로 메타데이터,CONFIRMED,EXACT_1,세원 개인투자조합 제1호,고유번호증 정정,NO,
FWO-0058,0709/더블유제이원 조합_고유번호증.pdf,0709,더블유제이원 조합_고유번호증.pdf,pdf (application/pdf),2026-07-09T08:41:50.867Z,2026-07-09T08:41:50.302Z,더블유제이원 조합,더블유제이원 조합,RESULT_DOCUMENT,고유번호증 결과물,결과물 수령 가능성,파일명·상대경로 메타데이터,CONFIRMED,NOT_FOUND,,E2E-03 고유번호증 신규 신청,YES,FUND 마스터 일치 없음
FWO-0059,0709/피움AI넥스트마린라이프신기술사업금융투자조합_고유번호증.pdf,0709,피움AI넥스트마린라이프신기술사업금융투자조합_고유번호증.pdf,pdf (application/pdf),2026-07-09T08:41:07.801Z,2026-07-09T08:41:07.002Z,피움AI넥스트마린라이프신기술사업금융투자조합,피움AI넥스트마린라이프신기술사업금융투자조합,RESULT_DOCUMENT,고유번호증 결과물,결과물 수령 가능성,파일명·상대경로 메타데이터,CONFIRMED,NOT_FOUND,,E2E-03 고유번호증 신규 신청,YES,FUND 마스터 일치 없음
FWO-0060,0709/#스타벤처스 개인투자조합 5호_고유번호증 접수증.pdf,0709,#스타벤처스 개인투자조합 5호_고유번호증 접수증.pdf,pdf (application/pdf),2026-07-09T08:40:45.733Z,2026-07-09T08:40:45.033Z,스타벤처스 개인투자조합 5호,스타벤처스 개인투자조합 5호,RECEIPT,고유번호증 신청 접수증,기관 접수 완료 가능성,파일명·상대경로 메타데이터,CONFIRMED,NOT_FOUND,,E2E-03 고유번호증 신규 신청,YES,FUND 마스터 일치 없음
FWO-0061,0709/##합본_더블유제이원 조합_고유번호증 신청서류.pdf,0709,##합본_더블유제이원 조합_고유번호증 신청서류.pdf,pdf (application/pdf),2026-07-09T06:49:54.846Z,2026-07-09T06:51:39.352Z,더블유제이원 조합,더블유제이원 조합,SUBMISSION_PACKAGE,고유번호증 신청서류,신규 신청 준비·제출 가능성,파일명·상대경로 메타데이터,CONFIRMED,NOT_FOUND,,E2E-03 고유번호증 신규 신청,YES,FUND 마스터 일치 없음
FWO-0062,0709/[반포역지점_조합 날인 추가 요청].pdf,0709,[반포역지점_조합 날인 추가 요청].pdf,pdf (application/pdf),2026-07-09T06:00:37.198Z,2026-07-09T06:09:48.763Z,,,OTHER_BANK_ARTIFACT,은행 기타 산출물,은행 기타 업무 가능성,파일명·상대경로 메타데이터,MEDIUM,NOT_CHECKED,,은행 기타 업무,YES,
FWO-0063,0709/##합본_한국딥테크기술투자조합_계좌개설 신청서류.pdf,0709,##합본_한국딥테크기술투자조합_계좌개설 신청서류.pdf,pdf (application/pdf),2026-07-09T01:10:17.705Z,2026-07-09T06:07:13.775Z,한국딥테크기술투자조합,한국딥테크기술투자조합,SUBMISSION_PACKAGE,계좌개설 신청·제출서류,계좌개설 준비·신청 가능성,파일명·상대경로 메타데이터,CONFIRMED,NOT_FOUND,,계좌개설 준비·신청,YES,FUND 마스터 일치 없음
FWO-0064,0709/투논카이 신기술투자조합 제1호_보안카드.pdf,0709,투논카이 신기술투자조합 제1호_보안카드.pdf,pdf (application/pdf),2026-07-09T05:12:00.523Z,2026-07-09T05:12:42.350Z,투논카이 신기술투자조합 제1호,투논카이 신기술투자조합 제1호,SECURITY_CARD,보안카드,보안카드 발급·수령 가능성,파일명·상대경로 메타데이터,CONFIRMED,EXACT_1,투논카이 신기술투자조합 제1호,보안카드 발급·수령,NO,
FWO-0065,0709/KakaoTalk_20260709_141004513.jpg,0709,KakaoTalk_20260709_141004513.jpg,jpg (image/jpeg),2026-07-09T05:11:00.170Z,2026-07-09T05:10:59.302Z,,,UNCLASSIFIED,분류 불가,근거 부족,파일명·상대경로 메타데이터,UNCLASSIFIED,NOT_CHECKED,,,YES,파일명만으로 업무 분류 불가
FWO-0066,0709/한국딥테크기술투자조합_계좌개설 제출서류.pdf,0709,한국딥테크기술투자조합_계좌개설 제출서류.pdf,pdf (application/pdf),2026-07-08T08:52:15.798Z,2026-07-09T05:00:43.559Z,한국딥테크기술투자조합,한국딥테크기술투자조합,SUBMISSION_PACKAGE,계좌개설 신청·제출서류,계좌개설 준비·신청 가능성,파일명·상대경로 메타데이터,CONFIRMED,NOT_FOUND,,계좌개설 준비·신청,YES,FUND 마스터 일치 없음
FWO-0067,0709/[보완 서류]법인·단체 사실상 지배자 체크리스트.pdf,0709,[보완 서류]법인·단체 사실상 지배자 체크리스트.pdf,pdf (application/pdf),2026-07-09T04:50:14.259Z,2026-07-09T04:50:13.902Z,,,OTHER_BANK_ARTIFACT,은행 기타 산출물,은행 기타 업무 가능성,파일명·상대경로 메타데이터,MEDIUM,NOT_CHECKED,,은행 기타 업무,YES,
FWO-0068,0709/테일프론티어투자조합3호통장사본.pdf.pdf,0709,테일프론티어투자조합3호통장사본.pdf.pdf,pdf (application/pdf),2026-07-09T04:05:32.652Z,2026-07-09T04:05:31.875Z,테일프론티어투자조합3호,테일프론티어투자조합3호,BANKBOOK_COPY,통장 사본,계좌개설 완료 산출물 가능성,파일명·상대경로 메타데이터,CONFIRMED,NOT_FOUND,,계좌개설 완료 산출물,YES,FUND 마스터 일치 없음
FWO-0069,0709/##합본_스타벤처스 개인투자조합 5호_고유번호증 신청서류.pdf,0709,##합본_스타벤처스 개인투자조합 5호_고유번호증 신청서류.pdf,pdf (application/pdf),2026-07-09T01:30:06.315Z,2026-07-09T01:30:29.095Z,스타벤처스 개인투자조합 5호,스타벤처스 개인투자조합 5호,SUBMISSION_PACKAGE,고유번호증 신청서류,신규 신청 준비·제출 가능성,파일명·상대경로 메타데이터,CONFIRMED,NOT_FOUND,,E2E-03 고유번호증 신규 신청,YES,FUND 마스터 일치 없음
FWO-0070,0709/#피움AI넥스트마린라이프신기술사업금융투자조합_보안카드 신청서류.pdf,0709,#피움AI넥스트마린라이프신기술사업금융투자조합_보안카드 신청서류.pdf,pdf (application/pdf),2026-07-09T01:29:32.755Z,2026-07-09T01:29:32.174Z,피움AI넥스트마린라이프신기술사업금융투자조합,피움AI넥스트마린라이프신기술사업금융투자조합,SUBMISSION_PACKAGE,보안카드 신청서류,보안카드 발급 신청 가능성,파일명·상대경로 메타데이터,CONFIRMED,NOT_FOUND,,보안카드 발급·수령,YES,FUND 마스터 일치 없음
FWO-0071,0708/#레이첼 4차산업투자조합_고유번호증 폐업 신고 접수증.pdf,0708,#레이첼 4차산업투자조합_고유번호증 폐업 신고 접수증.pdf,pdf (application/pdf),2026-07-08T08:07:11.932Z,2026-07-08T08:07:11.112Z,레이첼 4차산업투자조합,레이첼 4차산업투자조합,RECEIPT,고유번호증 폐업·청산 산출물,폐업 신고 접수 가능성,파일명·상대경로 메타데이터,CONFIRMED,NOT_FOUND,,고유번호증 폐업·청산,YES,FUND 마스터 일치 없음
FWO-0072,0708/#피움AI넥스트마린라이프신기술사업금융투자조합_고유번호증 접수증.pdf,0708,#피움AI넥스트마린라이프신기술사업금융투자조합_고유번호증 접수증.pdf,pdf (application/pdf),2026-07-08T08:06:33.235Z,2026-07-08T08:06:32.574Z,피움AI넥스트마린라이프신기술사업금융투자조합,피움AI넥스트마린라이프신기술사업금융투자조합,RECEIPT,고유번호증 신청 접수증,기관 접수 완료 가능성,파일명·상대경로 메타데이터,CONFIRMED,NOT_FOUND,,E2E-03 고유번호증 신규 신청,YES,FUND 마스터 일치 없음
FWO-0073,0708/#세원 개인투자조합 제1호_고유번호증 (3차 정정) 접수증.pdf,0708,#세원 개인투자조합 제1호_고유번호증 (3차 정정) 접수증.pdf,pdf (application/pdf),2026-07-08T08:05:45.146Z,2026-07-08T08:05:44.458Z,세원 개인투자조합 제1호,세원 개인투자조합 제1호,RECEIPT,고유번호증 정정 산출물,정정 접수 가능성,파일명·상대경로 메타데이터,CONFIRMED,EXACT_1,세원 개인투자조합 제1호,고유번호증 정정,NO,
FWO-0074,0708/##합본_레이첼 4차산업투자조합_고유번호증 폐업 신고(재날인).pdf,0708,##합본_레이첼 4차산업투자조합_고유번호증 폐업 신고(재날인).pdf,pdf (application/pdf),2026-07-08T04:58:40.465Z,2026-07-08T04:57:43.607Z,레이첼 4차산업투자조합,레이첼 4차산업투자조합,SUBMISSION_PACKAGE,고유번호증 폐업·청산 산출물,폐업 신고 준비·제출 가능성,파일명·상대경로 메타데이터,CONFIRMED,NOT_FOUND,,고유번호증 폐업·청산,YES,FUND 마스터 일치 없음
FWO-0075,0708/#투논카이 신기술투자조합 제1호_보안카드 신청서류.pdf,0708,#투논카이 신기술투자조합 제1호_보안카드 신청서류.pdf,pdf (application/pdf),2026-07-08T04:58:40.509Z,2026-07-08T04:57:24.238Z,투논카이 신기술투자조합 제1호,투논카이 신기술투자조합 제1호,SUBMISSION_PACKAGE,보안카드 신청서류,보안카드 발급 신청 가능성,파일명·상대경로 메타데이터,CONFIRMED,EXACT_1,투논카이 신기술투자조합 제1호,보안카드 발급·수령,NO,
FWO-0076,0708/#하이 글로벌 덴탈 신기술사업투자조합_보안카드 신청서류.pdf,0708,#하이 글로벌 덴탈 신기술사업투자조합_보안카드 신청서류.pdf,pdf (application/pdf),2026-07-08T04:58:40.617Z,2026-07-08T04:57:07.324Z,하이 글로벌 덴탈 신기술사업투자조합,하이 글로벌 덴탈 신기술사업투자조합,SUBMISSION_PACKAGE,보안카드 신청서류,보안카드 발급 신청 가능성,파일명·상대경로 메타데이터,CONFIRMED,SIMILAR_1,하이 글로벌 덴탈 신기술사업투자조합(SME),보안카드 발급·수령,YES,유사명 자동 연결 금지; 사람 확인 필요
FWO-0077,0708/#세원 개인투자조합 제1호_고유번호증 (3차 정정) 신청 서류.pdf,0708,#세원 개인투자조합 제1호_고유번호증 (3차 정정) 신청 서류.pdf,pdf (application/pdf),2026-07-08T04:58:40.588Z,2026-07-08T04:56:36.174Z,세원 개인투자조합 제1호,세원 개인투자조합 제1호,SUBMISSION_PACKAGE,고유번호증 정정 산출물,정정 신청 준비·제출 가능성,파일명·상대경로 메타데이터,CONFIRMED,EXACT_1,세원 개인투자조합 제1호,고유번호증 정정,NO,
FWO-0078,0708/그로스브릿지-바이오투자조합_보안카드.lnk,0708,그로스브릿지-바이오투자조합_보안카드.lnk,lnk (application/x-ms-shortcut),2026-07-08T04:25:23.423Z,2026-07-08T04:24:38.401Z,그로스브릿지-바이오투자조합,그로스브릿지-바이오투자조합,SECURITY_CARD,보안카드,보안카드 발급·수령 가능성,파일명·상대경로 메타데이터,CONFIRMED,EXACT_1,그로스브릿지-바이오투자조합,보안카드 발급·수령,NO,
FWO-0079,0708/KakaoTalk_20260708_132312738.jpg,0708,KakaoTalk_20260708_132312738.jpg,jpg (image/jpeg),2026-07-08T04:23:49.101Z,2026-07-08T04:23:48.264Z,,,UNCLASSIFIED,분류 불가,근거 부족,파일명·상대경로 메타데이터,UNCLASSIFIED,NOT_CHECKED,,,YES,파일명만으로 업무 분류 불가
FWO-0080,0707/##합본_테일프론티어투자조합3호_계좌개설 신청서류.pdf,0707,##합본_테일프론티어투자조합3호_계좌개설 신청서류.pdf,pdf (application/pdf),2026-07-06T07:17:15.386Z,2026-07-09T06:05:24.750Z,테일프론티어투자조합3호,테일프론티어투자조합3호,SUBMISSION_PACKAGE,계좌개설 신청·제출서류,계좌개설 준비·신청 가능성,파일명·상대경로 메타데이터,CONFIRMED,NOT_FOUND,,계좌개설 준비·신청,YES,FUND 마스터 일치 없음
FWO-0081,0707/#스타이노베이션 제2호 벤처투자조합_고유번호증 접수증.pdf,0707,#스타이노베이션 제2호 벤처투자조합_고유번호증 접수증.pdf,pdf (application/pdf),2026-07-08T00:37:51.991Z,2026-07-08T00:37:51.594Z,스타이노베이션 제2호 벤처투자조합,스타이노베이션 제2호 벤처투자조합,RECEIPT,고유번호증 신청 접수증,기관 접수 완료 가능성,파일명·상대경로 메타데이터,CONFIRMED,EXACT_1,스타이노베이션 제2호 벤처투자조합,E2E-03 고유번호증 신규 신청,NO,
FWO-0082,0707/#에스케이에스-스타벤처스 제1호 벤처투자조합_고유번호증 접수증.pdf,0707,#에스케이에스-스타벤처스 제1호 벤처투자조합_고유번호증 접수증.pdf,pdf (application/pdf),2026-07-08T00:37:38.742Z,2026-07-08T00:37:37.939Z,에스케이에스-스타벤처스 제1호 벤처투자조합,에스케이에스-스타벤처스 제1호 벤처투자조합,RECEIPT,고유번호증 신청 접수증,기관 접수 완료 가능성,파일명·상대경로 메타데이터,CONFIRMED,EXACT_1,에스케이에스-스타벤처스 제1호 벤처투자조합,E2E-03 고유번호증 신규 신청,NO,
FWO-0083,0707/#스타벤처스 개인투자조합 4호_고유번호증 접수증.pdf,0707,#스타벤처스 개인투자조합 4호_고유번호증 접수증.pdf,pdf (application/pdf),2026-07-08T00:37:16.626Z,2026-07-08T00:37:15.863Z,스타벤처스 개인투자조합 4호,스타벤처스 개인투자조합 4호,RECEIPT,고유번호증 신청 접수증,기관 접수 완료 가능성,파일명·상대경로 메타데이터,CONFIRMED,EXACT_1,스타벤처스 개인투자조합 4호,E2E-03 고유번호증 신규 신청,NO,
FWO-0084,0707/#스타벤처스 개인투자조합 3호_고유번호증 접수증.pdf,0707,#스타벤처스 개인투자조합 3호_고유번호증 접수증.pdf,pdf (application/pdf),2026-07-08T00:37:11.181Z,2026-07-08T00:37:10.417Z,스타벤처스 개인투자조합 3호,스타벤처스 개인투자조합 3호,RECEIPT,고유번호증 신청 접수증,기관 접수 완료 가능성,파일명·상대경로 메타데이터,CONFIRMED,EXACT_1,스타벤처스 개인투자조합 3호,E2E-03 고유번호증 신규 신청,NO,
FWO-0085,0707/#스타벤처스 개인투자조합 2호_고유번호증 접수증.pdf,0707,#스타벤처스 개인투자조합 2호_고유번호증 접수증.pdf,pdf (application/pdf),2026-07-08T00:37:04.956Z,2026-07-08T00:37:04.174Z,스타벤처스 개인투자조합 2호,스타벤처스 개인투자조합 2호,RECEIPT,고유번호증 신청 접수증,기관 접수 완료 가능성,파일명·상대경로 메타데이터,CONFIRMED,EXACT_1,스타벤처스 개인투자조합 2호,E2E-03 고유번호증 신규 신청,NO,
FWO-0086,0707/#스타벤처스 개인투자조합 1호_고유번호증 접수증.pdf,0707,#스타벤처스 개인투자조합 1호_고유번호증 접수증.pdf,pdf (application/pdf),2026-07-08T00:36:55.762Z,2026-07-08T00:36:54.983Z,스타벤처스 개인투자조합 1호,스타벤처스 개인투자조합 1호,RECEIPT,고유번호증 신청 접수증,기관 접수 완료 가능성,파일명·상대경로 메타데이터,CONFIRMED,EXACT_1,스타벤처스 개인투자조합 1호,E2E-03 고유번호증 신규 신청,NO,
FWO-0087,0707/그로스브릿지-바이오투자조합_고유번호증.pdf,0707,그로스브릿지-바이오투자조합_고유번호증.pdf,pdf (application/pdf),2026-07-07T09:16:54.051Z,2026-07-07T09:16:53.267Z,그로스브릿지-바이오투자조합,그로스브릿지-바이오투자조합,RESULT_DOCUMENT,고유번호증 결과물,결과물 수령 가능성,파일명·상대경로 메타데이터,CONFIRMED,EXACT_1,그로스브릿지-바이오투자조합,E2E-03 고유번호증 신규 신청,NO,
FWO-0088,0707/##합본_에스케이에스-스타벤처스 제1호 벤처투자조합_고유번호증 정정 신청서류.pdf,0707,##합본_에스케이에스-스타벤처스 제1호 벤처투자조합_고유번호증 정정 신청서류.pdf,pdf (application/pdf),2026-07-07T04:20:14.737Z,2026-07-07T04:19:46.135Z,에스케이에스-스타벤처스 제1호 벤처투자조합,에스케이에스-스타벤처스 제1호 벤처투자조합,SUBMISSION_PACKAGE,고유번호증 정정 산출물,정정 신청 준비·제출 가능성,파일명·상대경로 메타데이터,CONFIRMED,EXACT_1,에스케이에스-스타벤처스 제1호 벤처투자조합,고유번호증 정정,NO,
FWO-0089,0707/##합본_스타벤처스 개인투자조합 4호_고유번호증 정정 신청서류.pdf,0707,##합본_스타벤처스 개인투자조합 4호_고유번호증 정정 신청서류.pdf,pdf (application/pdf),2026-07-07T04:20:14.652Z,2026-07-07T04:19:37.057Z,스타벤처스 개인투자조합 4호,스타벤처스 개인투자조합 4호,SUBMISSION_PACKAGE,고유번호증 정정 산출물,정정 신청 준비·제출 가능성,파일명·상대경로 메타데이터,CONFIRMED,EXACT_1,스타벤처스 개인투자조합 4호,고유번호증 정정,NO,
FWO-0090,0707/##합본_스타이노베이션 제2호 벤처투자조합_고유번호증 정정 신청서류.pdf,0707,##합본_스타이노베이션 제2호 벤처투자조합_고유번호증 정정 신청서류.pdf,pdf (application/pdf),2026-07-07T04:20:14.322Z,2026-07-07T04:19:34.095Z,스타이노베이션 제2호 벤처투자조합,스타이노베이션 제2호 벤처투자조합,SUBMISSION_PACKAGE,고유번호증 정정 산출물,정정 신청 준비·제출 가능성,파일명·상대경로 메타데이터,CONFIRMED,EXACT_1,스타이노베이션 제2호 벤처투자조합,고유번호증 정정,NO,
FWO-0091,0707/##합본_스타벤처스 개인투자조합 3호_고유번호증 정정 신청서류.pdf,0707,##합본_스타벤처스 개인투자조합 3호_고유번호증 정정 신청서류.pdf,pdf (application/pdf),2026-07-07T04:20:14.488Z,2026-07-07T04:19:11.064Z,스타벤처스 개인투자조합 3호,스타벤처스 개인투자조합 3호,SUBMISSION_PACKAGE,고유번호증 정정 산출물,정정 신청 준비·제출 가능성,파일명·상대경로 메타데이터,CONFIRMED,EXACT_1,스타벤처스 개인투자조합 3호,고유번호증 정정,NO,
FWO-0092,0707/##합본_스타벤처스 개인투자조합 2호_고유번호증 정정 신청서류.pdf,0707,##합본_스타벤처스 개인투자조합 2호_고유번호증 정정 신청서류.pdf,pdf (application/pdf),2026-07-07T04:20:14.570Z,2026-07-07T04:19:00.081Z,스타벤처스 개인투자조합 2호,스타벤처스 개인투자조합 2호,SUBMISSION_PACKAGE,고유번호증 정정 산출물,정정 신청 준비·제출 가능성,파일명·상대경로 메타데이터,CONFIRMED,EXACT_1,스타벤처스 개인투자조합 2호,고유번호증 정정,NO,
FWO-0093,0707/##합본_스타벤처스 개인투자조합 1호_고유번호증 정정 신청서류.pdf,0707,##합본_스타벤처스 개인투자조합 1호_고유번호증 정정 신청서류.pdf,pdf (application/pdf),2026-07-07T04:20:14.406Z,2026-07-07T04:18:46.434Z,스타벤처스 개인투자조합 1호,스타벤처스 개인투자조합 1호,SUBMISSION_PACKAGE,고유번호증 정정 산출물,정정 신청 준비·제출 가능성,파일명·상대경로 메타데이터,CONFIRMED,EXACT_1,스타벤처스 개인투자조합 1호,고유번호증 정정,NO,
FWO-0094,0707/##합본_레이첼 4차산업투자조합_고유번호증 폐업 신고.pdf,0707,##합본_레이첼 4차산업투자조합_고유번호증 폐업 신고.pdf,pdf (application/pdf),2026-07-07T02:56:18.629Z,2026-07-07T02:56:29.440Z,레이첼 4차산업투자조합,레이첼 4차산업투자조합,SUBMISSION_PACKAGE,고유번호증 폐업·청산 산출물,폐업 신고 준비·제출 가능성,파일명·상대경로 메타데이터,CONFIRMED,NOT_FOUND,,고유번호증 폐업·청산,YES,FUND 마스터 일치 없음
FWO-0095,0707/(미포함)테일프론티어투자조합3호_법인계좌개설체크리스트.pdf,0707,(미포함)테일프론티어투자조합3호_법인계좌개설체크리스트.pdf,pdf (application/pdf),2026-07-07T02:52:08.313Z,2026-07-07T02:52:07.630Z,테일프론티어투자조합3호,테일프론티어투자조합3호,SUBMISSION_PACKAGE,계좌개설 신청·제출서류,계좌개설 준비·신청 가능성,파일명·상대경로 메타데이터,CONFIRMED,NOT_FOUND,,계좌개설 준비·신청,YES,FUND 마스터 일치 없음
FWO-0096,0707/블리스바인 제로투원 투자조합2호_보안카드.pdf,0707,블리스바인 제로투원 투자조합2호_보안카드.pdf,pdf (application/pdf),2026-07-07T01:18:40.086Z,2026-07-07T01:20:52.685Z,블리스바인 제로투원 투자조합2호,블리스바인 제로투원 투자조합2호,SECURITY_CARD,보안카드,보안카드 발급·수령 가능성,파일명·상대경로 메타데이터,CONFIRMED,NOT_FOUND,,보안카드 발급·수령,YES,FUND 마스터 일치 없음
FWO-0097,0707/#그로스브릿지-바이오투자조합_보안카드 신청서류.pdf,0707,#그로스브릿지-바이오투자조합_보안카드 신청서류.pdf,pdf (application/pdf),2026-07-06T07:15:34.782Z,2026-07-06T07:14:50.892Z,그로스브릿지-바이오투자조합,그로스브릿지-바이오투자조합,SUBMISSION_PACKAGE,보안카드 신청서류,보안카드 발급 신청 가능성,파일명·상대경로 메타데이터,CONFIRMED,EXACT_1,그로스브릿지-바이오투자조합,보안카드 발급·수령,NO,
FWO-0098,0706/#블리스바인 제로투원 투자조합2호_보안카드 신청서류.pdf,0706,#블리스바인 제로투원 투자조합2호_보안카드 신청서류.pdf,pdf (application/pdf),2026-07-06T07:14:22.323Z,2026-07-07T01:07:43.748Z,블리스바인 제로투원 투자조합2호,블리스바인 제로투원 투자조합2호,SUBMISSION_PACKAGE,보안카드 신청서류,보안카드 발급 신청 가능성,파일명·상대경로 메타데이터,CONFIRMED,NOT_FOUND,,보안카드 발급·수령,YES,FUND 마스터 일치 없음
FWO-0099,0706/테일프론티어투자조합3호_보안카드.pdf,0706,테일프론티어투자조합3호_보안카드.pdf,pdf (application/pdf),2026-07-06T07:50:25.768Z,2026-07-06T07:50:25.354Z,테일프론티어투자조합3호,테일프론티어투자조합3호,SECURITY_CARD,보안카드,보안카드 발급·수령 가능성,파일명·상대경로 메타데이터,CONFIRMED,NOT_FOUND,,보안카드 발급·수령,YES,FUND 마스터 일치 없음
FWO-0100,0706/휴먼비젼 개인투자조합_보안카드.pdf,0706,휴먼비젼 개인투자조합_보안카드.pdf,pdf (application/pdf),2026-07-06T07:50:00.265Z,2026-07-06T07:50:00.072Z,휴먼비젼 개인투자조합,휴먼비젼 개인투자조합,SECURITY_CARD,보안카드,보안카드 발급·수령 가능성,파일명·상대경로 메타데이터,CONFIRMED,NOT_FOUND,,보안카드 발급·수령,YES,FUND 마스터 일치 없음
FWO-0101,0706/KakaoTalk_20260706_164837118.jpg,0706,KakaoTalk_20260706_164837118.jpg,jpg (image/jpeg),2026-07-06T07:49:04.809Z,2026-07-06T07:49:03.950Z,,,UNCLASSIFIED,분류 불가,근거 부족,파일명·상대경로 메타데이터,UNCLASSIFIED,NOT_CHECKED,,,YES,파일명만으로 업무 분류 불가
FWO-0102,0706/KakaoTalk_20260706_164218355.jpg,0706,KakaoTalk_20260706_164218355.jpg,jpg (image/jpeg),2026-07-06T07:48:58.897Z,2026-07-06T07:48:58.027Z,,,UNCLASSIFIED,분류 불가,근거 부족,파일명·상대경로 메타데이터,UNCLASSIFIED,NOT_CHECKED,,,YES,파일명만으로 업무 분류 불가
FWO-0103,0706/##합본_휴먼비젼 개인투자조합_계좌개설 신청서류.pdf,0706,##합본_휴먼비젼 개인투자조합_계좌개설 신청서류.pdf,pdf (application/pdf),2026-07-06T07:15:32.191Z,2026-07-06T07:30:36.176Z,휴먼비젼 개인투자조합,휴먼비젼 개인투자조합,SUBMISSION_PACKAGE,계좌개설 신청·제출서류,계좌개설 준비·신청 가능성,파일명·상대경로 메타데이터,CONFIRMED,NOT_FOUND,,계좌개설 준비·신청,YES,FUND 마스터 일치 없음
FWO-0104,0706/#세원 개인투자조합 1호_고유번호증(2차 정정) 접수증.pdf,0706,#세원 개인투자조합 1호_고유번호증(2차 정정) 접수증.pdf,pdf (application/pdf),2026-07-06T07:21:01.150Z,2026-07-06T07:21:00.303Z,세원 개인투자조합 1호,세원 개인투자조합 1호,RECEIPT,고유번호증 정정 산출물,정정 접수 가능성,파일명·상대경로 메타데이터,CONFIRMED,SIMILAR_1,세원 개인투자조합 제1호,고유번호증 정정,YES,유사명 자동 연결 금지; 사람 확인 필요
FWO-0105,0706/블리스바인 제로투원 투자조합2호_고유번호증.pdf,0706,블리스바인 제로투원 투자조합2호_고유번호증.pdf,pdf (application/pdf),2026-07-06T07:20:37.556Z,2026-07-06T07:20:36.762Z,블리스바인 제로투원 투자조합2호,블리스바인 제로투원 투자조합2호,RESULT_DOCUMENT,고유번호증 결과물,결과물 수령 가능성,파일명·상대경로 메타데이터,CONFIRMED,NOT_FOUND,,E2E-03 고유번호증 신규 신청,YES,FUND 마스터 일치 없음
FWO-0106,0706/##합본_세원 개인투자조합 1호_고유번호증(2차 정정) 신청서류.pdf,0706,##합본_세원 개인투자조합 1호_고유번호증(2차 정정) 신청서류.pdf,pdf (application/pdf),2026-07-06T07:14:22.368Z,2026-07-06T07:13:21.006Z,세원 개인투자조합 1호,세원 개인투자조합 1호,SUBMISSION_PACKAGE,고유번호증 정정 산출물,정정 신청 준비·제출 가능성,파일명·상대경로 메타데이터,CONFIRMED,SIMILAR_1,세원 개인투자조합 제1호,고유번호증 정정,YES,유사명 자동 연결 금지; 사람 확인 필요
FWO-0107,0703/#휴먼비젼 개인투자조합_보안카드 신청서류.pdf,0703,#휴먼비젼 개인투자조합_보안카드 신청서류.pdf,pdf (application/pdf),2026-07-03T09:38:11.635Z,2026-07-06T07:30:27.519Z,휴먼비젼 개인투자조합,휴먼비젼 개인투자조합,SUBMISSION_PACKAGE,보안카드 신청서류,보안카드 발급 신청 가능성,파일명·상대경로 메타데이터,CONFIRMED,NOT_FOUND,,보안카드 발급·수령,YES,FUND 마스터 일치 없음
FWO-0108,0703/휴먼비젼 개인투자조합_고유번호증.pdf,0703,휴먼비젼 개인투자조합_고유번호증.pdf,pdf (application/pdf),2026-07-03T09:40:21.126Z,2026-07-06T07:30:17.986Z,휴먼비젼 개인투자조합,휴먼비젼 개인투자조합,RESULT_DOCUMENT,고유번호증 결과물,결과물 수령 가능성,파일명·상대경로 메타데이터,CONFIRMED,NOT_FOUND,,E2E-03 고유번호증 신규 신청,YES,FUND 마스터 일치 없음
FWO-0109,0703/디랩콘텐츠유니콘일자리투자조합1호_내용증명2.pdf,0703,디랩콘텐츠유니콘일자리투자조합1호_내용증명2.pdf,pdf (application/pdf),2026-07-03T09:41:21.449Z,2026-07-03T09:41:20.629Z,,,UNCLASSIFIED,분류 불가,근거 부족,파일명·상대경로 메타데이터,UNCLASSIFIED,NOT_CHECKED,,,YES,파일명만으로 업무 분류 불가
FWO-0110,0703/디랩콘텐츠유니콘일자리투자조합1호_내용증명1.pdf,0703,디랩콘텐츠유니콘일자리투자조합1호_내용증명1.pdf,pdf (application/pdf),2026-07-03T09:41:17.039Z,2026-07-03T09:41:16.233Z,,,UNCLASSIFIED,분류 불가,근거 부족,파일명·상대경로 메타데이터,UNCLASSIFIED,NOT_CHECKED,,,YES,파일명만으로 업무 분류 불가
FWO-0111,0703/#블리스바인 제로투원 투자조합2호 (벤투)_고유번호증 접수증.pdf,0703,#블리스바인 제로투원 투자조합2호 (벤투)_고유번호증 접수증.pdf,pdf (application/pdf),2026-07-03T09:40:57.628Z,2026-07-03T09:40:56.797Z,블리스바인 제로투원 투자조합2호,블리스바인 제로투원 투자조합2호,RECEIPT,고유번호증 신청 접수증,기관 접수 완료 가능성,파일명·상대경로 메타데이터,CONFIRMED,NOT_FOUND,,E2E-03 고유번호증 신규 신청,YES,FUND 마스터 일치 없음
FWO-0112,0703/##합본_블리스바인 제로투원 투자조합2호_고유번호증 신청서류.pdf,0703,##합본_블리스바인 제로투원 투자조합2호_고유번호증 신청서류.pdf,pdf (application/pdf),2026-07-03T08:13:05.903Z,2026-07-03T09:37:24.538Z,블리스바인 제로투원 투자조합2호,블리스바인 제로투원 투자조합2호,SUBMISSION_PACKAGE,고유번호증 신청서류,신규 신청 준비·제출 가능성,파일명·상대경로 메타데이터,CONFIRMED,NOT_FOUND,,E2E-03 고유번호증 신규 신청,YES,FUND 마스터 일치 없음
FWO-0113,0703/테일프론티어투자조합3호_고유번호증.pdf,0703,테일프론티어투자조합3호_고유번호증.pdf,pdf (application/pdf),2026-07-03T08:31:25.540Z,2026-07-03T08:31:24.747Z,테일프론티어투자조합3호,테일프론티어투자조합3호,RESULT_DOCUMENT,고유번호증 결과물,결과물 수령 가능성,파일명·상대경로 메타데이터,CONFIRMED,NOT_FOUND,,E2E-03 고유번호증 신규 신청,YES,FUND 마스터 일치 없음
FWO-0114,0703/#테일프론티어투자조합3호_보안카드 신청서류.pdf,0703,#테일프론티어투자조합3호_보안카드 신청서류.pdf,pdf (application/pdf),2026-07-03T08:13:24.320Z,2026-07-03T08:13:23.637Z,테일프론티어투자조합3호,테일프론티어투자조합3호,SUBMISSION_PACKAGE,보안카드 신청서류,보안카드 발급 신청 가능성,파일명·상대경로 메타데이터,CONFIRMED,NOT_FOUND,,보안카드 발급·수령,YES,FUND 마스터 일치 없음
FWO-0115,0703/흥국-머니볼 신기술투자조합 1호_보안카드.pdf,0703,흥국-머니볼 신기술투자조합 1호_보안카드.pdf,pdf (application/pdf),2026-07-03T06:06:14.875Z,2026-07-03T06:07:36.944Z,흥국-머니볼 신기술투자조합 1호,흥국-머니볼 신기술투자조합 1호,SECURITY_CARD,보안카드,보안카드 발급·수령 가능성,파일명·상대경로 메타데이터,CONFIRMED,NOT_FOUND,,보안카드 발급·수령,YES,FUND 마스터 일치 없음
FWO-0116,0703/KakaoTalk_20260703_150202520.jpg,0703,KakaoTalk_20260703_150202520.jpg,jpg (image/jpeg),2026-07-03T06:05:34.111Z,2026-07-03T06:05:33.272Z,,,UNCLASSIFIED,분류 불가,근거 부족,파일명·상대경로 메타데이터,UNCLASSIFIED,NOT_CHECKED,,,YES,파일명만으로 업무 분류 불가
FWO-0117,0703/##합본_테일프론티어투자조합3호_계좌개설 신청서류(은행전달 견본용).pdf,0703,##합본_테일프론티어투자조합3호_계좌개설 신청서류(은행전달 견본용).pdf,pdf (application/pdf),2026-07-03T02:32:13.045Z,2026-07-03T05:10:36.273Z,테일프론티어투자조합3호,테일프론티어투자조합3호,SUBMISSION_PACKAGE,계좌개설 신청·제출서류,계좌개설 준비·신청 가능성,파일명·상대경로 메타데이터,CONFIRMED,NOT_FOUND,,계좌개설 준비·신청,YES,FUND 마스터 일치 없음
FWO-0118,0702/충북 팁스전용 투자조합 1호_보안카드.pdf,0702,충북 팁스전용 투자조합 1호_보안카드.pdf,pdf (application/pdf),2026-07-02T08:42:39.180Z,2026-07-02T08:43:10.070Z,충북 팁스전용 투자조합 1호,충북 팁스전용 투자조합 1호,SECURITY_CARD,보안카드,보안카드 발급·수령 가능성,파일명·상대경로 메타데이터,CONFIRMED,NOT_FOUND,,보안카드 발급·수령,YES,FUND 마스터 일치 없음
FWO-0119,0702/KakaoTalk_20260702_174135112.jpg,0702,KakaoTalk_20260702_174135112.jpg,jpg (image/jpeg),2026-07-02T08:41:51.021Z,2026-07-02T08:41:50.156Z,,,UNCLASSIFIED,분류 불가,근거 부족,파일명·상대경로 메타데이터,UNCLASSIFIED,NOT_CHECKED,,,YES,파일명만으로 업무 분류 불가
FWO-0120,0702/흥국-머니볼 신기술투자조합 1호_고유번호증.pdf,0702,흥국-머니볼 신기술투자조합 1호_고유번호증.pdf,pdf (application/pdf),2026-07-02T08:25:12.234Z,2026-07-02T08:25:11.511Z,흥국-머니볼 신기술투자조합 1호,흥국-머니볼 신기술투자조합 1호,RESULT_DOCUMENT,고유번호증 결과물,결과물 수령 가능성,파일명·상대경로 메타데이터,CONFIRMED,NOT_FOUND,,E2E-03 고유번호증 신규 신청,YES,FUND 마스터 일치 없음
FWO-0121,0702/#그로스브릿지-바이오투자조합_고유번호증 접수증.pdf,0702,#그로스브릿지-바이오투자조합_고유번호증 접수증.pdf,pdf (application/pdf),2026-07-02T08:23:36.996Z,2026-07-02T08:23:36.262Z,그로스브릿지-바이오투자조합,그로스브릿지-바이오투자조합,RECEIPT,고유번호증 신청 접수증,기관 접수 완료 가능성,파일명·상대경로 메타데이터,CONFIRMED,EXACT_1,그로스브릿지-바이오투자조합,E2E-03 고유번호증 신규 신청,NO,
FWO-0122,0702/#테일프론티어투자조합3호_고유번호증 접수증.pdf,0702,#테일프론티어투자조합3호_고유번호증 접수증.pdf,pdf (application/pdf),2026-07-02T08:23:24.360Z,2026-07-02T08:23:23.609Z,테일프론티어투자조합3호,테일프론티어투자조합3호,RECEIPT,고유번호증 신청 접수증,기관 접수 완료 가능성,파일명·상대경로 메타데이터,CONFIRMED,NOT_FOUND,,E2E-03 고유번호증 신규 신청,YES,FUND 마스터 일치 없음
FWO-0123,"0702/#굿이스트 초기기업 액셀러레이션 개인투자조합 2호_계좌 해지내역 확인증, 타행환 거래내역 확인서.pdf",0702,"#굿이스트 초기기업 액셀러레이션 개인투자조합 2호_계좌 해지내역 확인증, 타행환 거래내역 확인서.pdf",pdf (application/pdf),2026-07-02T08:20:13.087Z,2026-07-02T08:20:12.496Z,굿이스트 초기기업 액셀러레이션 개인투자조합 2호,굿이스트 초기기업 액셀러레이션 개인투자조합 2호,RESULT_DOCUMENT,계좌 해지 산출물,계좌 해지 완료 가능성,파일명·상대경로 메타데이터,CONFIRMED,EXACT_1,굿이스트 초기기업 액셀러레이션 개인투자조합 2호,계좌 해지,NO,
FWO-0124,0702/##합본_그로스브릿지-바이오투자조합_고유번호증 신청서류.pdf,0702,##합본_그로스브릿지-바이오투자조합_고유번호증 신청서류.pdf,pdf (application/pdf),2026-07-02T06:41:54.059Z,2026-07-02T06:44:23.942Z,그로스브릿지-바이오투자조합,그로스브릿지-바이오투자조합,SUBMISSION_PACKAGE,고유번호증 신청서류,신규 신청 준비·제출 가능성,파일명·상대경로 메타데이터,CONFIRMED,EXACT_1,그로스브릿지-바이오투자조합,E2E-03 고유번호증 신규 신청,NO,
FWO-0125,0702/#흥국-머니볼 신기술투자조합 1호_보안카드 신청서류.pdf,0702,#흥국-머니볼 신기술투자조합 1호_보안카드 신청서류.pdf,pdf (application/pdf),2026-07-02T06:44:15.510Z,2026-07-02T06:44:14.909Z,흥국-머니볼 신기술투자조합 1호,흥국-머니볼 신기술투자조합 1호,SUBMISSION_PACKAGE,보안카드 신청서류,보안카드 발급 신청 가능성,파일명·상대경로 메타데이터,CONFIRMED,NOT_FOUND,,보안카드 발급·수령,YES,FUND 마스터 일치 없음
FWO-0126,0702/##합본_테일프론티어투자조합3호_고유번호증 신청서류(임대차 계약서x).pdf,0702,##합본_테일프론티어투자조합3호_고유번호증 신청서류(임대차 계약서x).pdf,pdf (application/pdf),2026-07-02T04:37:45.806Z,2026-07-02T04:38:11.370Z,테일프론티어투자조합3호,테일프론티어투자조합3호,SUBMISSION_PACKAGE,고유번호증 신청서류,신규 신청 준비·제출 가능성,파일명·상대경로 메타데이터,CONFIRMED,NOT_FOUND,,E2E-03 고유번호증 신규 신청,YES,FUND 마스터 일치 없음
FWO-0127,0702/##합본_굿이스트 초기기업 액셀러레이션 개인투자조합 2호_계좌 해지 신청서류.pdf,0702,##합본_굿이스트 초기기업 액셀러레이션 개인투자조합 2호_계좌 해지 신청서류.pdf,pdf (application/pdf),2026-07-01T07:01:36.292Z,2026-07-01T07:02:49.848Z,굿이스트 초기기업 액셀러레이션 개인투자조합 2호,굿이스트 초기기업 액셀러레이션 개인투자조합 2호,SUBMISSION_PACKAGE,계좌 해지 산출물,계좌 해지 신청 가능성,파일명·상대경로 메타데이터,CONFIRMED,EXACT_1,굿이스트 초기기업 액셀러레이션 개인투자조합 2호,계좌 해지,NO,
FWO-0128,0701/##합본_휴먼비젼 개인투자조합_고유번호증 신청서류.pdf,0701,##합본_휴먼비젼 개인투자조합_고유번호증 신청서류.pdf,pdf (application/pdf),2026-07-01T08:35:43.691Z,2026-07-06T07:30:33.782Z,휴먼비젼 개인투자조합,휴먼비젼 개인투자조합,SUBMISSION_PACKAGE,고유번호증 신청서류,신규 신청 준비·제출 가능성,파일명·상대경로 메타데이터,CONFIRMED,NOT_FOUND,,E2E-03 고유번호증 신규 신청,YES,FUND 마스터 일치 없음
FWO-0129,0701/#휴먼비젼 개인투자조합_고유번호증 접수증.pdf,0701,#휴먼비젼 개인투자조합_고유번호증 접수증.pdf,pdf (application/pdf),2026-07-01T08:37:28.682Z,2026-07-06T07:30:30.711Z,휴먼비젼 개인투자조합,휴먼비젼 개인투자조합,RECEIPT,고유번호증 신청 접수증,기관 접수 완료 가능성,파일명·상대경로 메타데이터,CONFIRMED,NOT_FOUND,,E2E-03 고유번호증 신규 신청,YES,FUND 마스터 일치 없음
FWO-0130,0701/충북 팁스전용 투자조합1호_고유번호증.pdf,0701,충북 팁스전용 투자조합1호_고유번호증.pdf,pdf (application/pdf),2026-07-01T08:39:07.571Z,2026-07-01T08:39:06.776Z,충북 팁스전용 투자조합1호,충북 팁스전용 투자조합1호,RESULT_DOCUMENT,고유번호증 결과물,결과물 수령 가능성,파일명·상대경로 메타데이터,CONFIRMED,NOT_FOUND,,E2E-03 고유번호증 신규 신청,YES,FUND 마스터 일치 없음
FWO-0131,0701/#흥국-머니볼 신기술투자조합 1호_고유번호증 접수증.pdf,0701,#흥국-머니볼 신기술투자조합 1호_고유번호증 접수증.pdf,pdf (application/pdf),2026-07-01T08:38:16.158Z,2026-07-01T08:38:15.397Z,흥국-머니볼 신기술투자조합 1호,흥국-머니볼 신기술투자조합 1호,RECEIPT,고유번호증 신청 접수증,기관 접수 완료 가능성,파일명·상대경로 메타데이터,CONFIRMED,NOT_FOUND,,E2E-03 고유번호증 신규 신청,YES,FUND 마스터 일치 없음
FWO-0132,00기타 파일/(x)(계좌_법인용)등재_법인계좌개설체크리스트_26629.hwp.pdf,00기타 파일,(x)(계좌_법인용)등재_법인계좌개설체크리스트_26629.hwp.pdf,pdf (application/pdf),2026-07-07T02:26:28.729Z,2026-07-07T02:26:27.933Z,,,SUBMISSION_PACKAGE,계좌개설 신청·제출서류,계좌개설 준비·신청 가능성,파일명·상대경로 메타데이터,CONFIRMED,NOT_CHECKED,,계좌개설 준비·신청,YES,
FWO-0133,00기타 파일/[REDACTED_SENSITIVE_FILENAME].xlsx,00기타 파일,[REDACTED_SENSITIVE_FILENAME].xlsx,xlsx (application/vnd.openxmlformats-officedocument.spreadsheetml.sheet),2026-06-11T04:26:41.496Z,2026-06-10T08:40:26.400Z,,,SENSITIVE_REFERENCE,민감정보 포함 가능 파일,분류 제외,파일명·상대경로 메타데이터,CONFIRMED,NOT_CHECKED,,,YES,민감정보 가능 파일명 비식별 처리
FWO-0134,"0710/작업 폴더/##합본_[추가, 보완 서류]테일프론티어투자조합3호_예금계약서, 전자금융서비스.pdf",0710,"##합본_[추가, 보완 서류]테일프론티어투자조합3호_예금계약서, 전자금융서비스.pdf",pdf (application/pdf),2026-07-10T02:16:48.521Z,2026-07-10T02:16:47.930Z,테일프론티어투자조합3호,테일프론티어투자조합3호,SUPPLEMENT,계좌개설 보완 산출물,계좌개설 보완 가능성,파일명·상대경로 메타데이터,MEDIUM,NOT_FOUND,,계좌개설 보완,YES,FUND 마스터 일치 없음
FWO-0135,"0710/작업 폴더/##합본_[추가, 보완 서류]한국딥테크기술투자조합_예금계약서, 전자금융서비스.pdf",0710,"##합본_[추가, 보완 서류]한국딥테크기술투자조합_예금계약서, 전자금융서비스.pdf",pdf (application/pdf),2026-07-10T02:16:27.836Z,2026-07-10T02:16:27.214Z,한국딥테크기술투자조합,한국딥테크기술투자조합,SUPPLEMENT,계좌개설 보완 산출물,계좌개설 보완 가능성,파일명·상대경로 메타데이터,MEDIUM,NOT_FOUND,,계좌개설 보완,YES,FUND 마스터 일치 없음
FWO-0136,"0710/작업 폴더/[추가, 보완 서류]한국딥테크기술투자조합_예금계약서, 전자금융서비스.pdf",0710,"[추가, 보완 서류]한국딥테크기술투자조합_예금계약서, 전자금융서비스.pdf",pdf (application/pdf),2026-07-10T01:56:05.245Z,2026-07-10T02:05:16.955Z,한국딥테크기술투자조합,한국딥테크기술투자조합,SUPPLEMENT,계좌개설 보완 산출물,계좌개설 보완 가능성,파일명·상대경로 메타데이터,MEDIUM,NOT_FOUND,,계좌개설 보완,YES,FUND 마스터 일치 없음
FWO-0137,"0710/작업 폴더/[추가, 보완 서류]테일프론티어투자조합3호_예금계약서, 전자금융서비스.pdf",0710,"[추가, 보완 서류]테일프론티어투자조합3호_예금계약서, 전자금융서비스.pdf",pdf (application/pdf),2026-07-10T01:56:06.305Z,2026-07-10T02:05:13.392Z,테일프론티어투자조합3호,테일프론티어투자조합3호,SUPPLEMENT,계좌개설 보완 산출물,계좌개설 보완 가능성,파일명·상대경로 메타데이터,MEDIUM,NOT_FOUND,,계좌개설 보완,YES,FUND 마스터 일치 없음
FWO-0138,0710/작업 폴더/더블유제이원 조합_계좌개설서류.lnk,0710,더블유제이원 조합_계좌개설서류.lnk,lnk (application/x-ms-shortcut),2026-07-10T01:25:10.613Z,2026-07-10T01:19:59.856Z,더블유제이원 조합,더블유제이원 조합,SUBMISSION_PACKAGE,계좌개설 신청·제출서류,계좌개설 준비·신청 가능성,파일명·상대경로 메타데이터,CONFIRMED,NOT_FOUND,,계좌개설 준비·신청,YES,FUND 마스터 일치 없음
FWO-0139,0710/작업 폴더/1. 더블유제이원 조합_규약(안)_v2.pdf,0710,1. 더블유제이원 조합_규약(안)_v2.pdf,pdf (application/pdf),2026-07-09T23:37:40.332Z,2026-07-09T23:37:39.267Z,,,UNCLASSIFIED,분류 불가,근거 부족,파일명·상대경로 메타데이터,UNCLASSIFIED,NOT_CHECKED,,,YES,파일명만으로 업무 분류 불가
FWO-0140,0710/작업 폴더/더블유제이원 조합_고유번호증.pdf,0710,더블유제이원 조합_고유번호증.pdf,pdf (application/pdf),2026-07-09T23:34:55.836Z,2026-07-09T08:41:50.302Z,더블유제이원 조합,더블유제이원 조합,RESULT_DOCUMENT,고유번호증 결과물,결과물 수령 가능성,파일명·상대경로 메타데이터,CONFIRMED,NOT_FOUND,,E2E-03 고유번호증 신규 신청,YES,FUND 마스터 일치 없음
FWO-0141,0710/작업 폴더/민법상조합 법적근거.pdf,0710,민법상조합 법적근거.pdf,pdf (application/pdf),2026-07-09T23:36:43.825Z,2020-04-07T00:37:40.000Z,,,UNCLASSIFIED,분류 불가,근거 부족,파일명·상대경로 메타데이터,UNCLASSIFIED,NOT_CHECKED,,,YES,파일명만으로 업무 분류 불가
FWO-0142,0709/작업 파일/20260708_175743.jpg,0709,20260708_175743.jpg,jpg (image/jpeg),2026-07-08T08:57:49.334Z,2026-07-08T08:57:48.924Z,,,UNCLASSIFIED,분류 불가,근거 부족,파일명·상대경로 메타데이터,UNCLASSIFIED,NOT_CHECKED,,,YES,파일명만으로 업무 분류 불가
FWO-0143,0709/작업 파일/한국딥테크기술투자조합_고유번호증.pdf,0709,한국딥테크기술투자조합_고유번호증.pdf,pdf (application/pdf),2026-07-08T08:56:20.254Z,2026-06-11T06:46:22.743Z,한국딥테크기술투자조합,한국딥테크기술투자조합,RESULT_DOCUMENT,고유번호증 결과물,결과물 수령 가능성,파일명·상대경로 메타데이터,CONFIRMED,NOT_FOUND,,E2E-03 고유번호증 신규 신청,YES,FUND 마스터 일치 없음
FWO-0144,0709/작업 파일/개인투자조합 결성계획 승인 통보(한국딥테크기술투자조합).pdf,0709,개인투자조합 결성계획 승인 통보(한국딥테크기술투자조합).pdf,pdf (application/pdf),2026-07-08T08:56:32.518Z,2026-06-10T05:29:58.000Z,,,UNCLASSIFIED,분류 불가,근거 부족,파일명·상대경로 메타데이터,UNCLASSIFIED,NOT_CHECKED,,,YES,파일명만으로 업무 분류 불가
FWO-0145,0709/작업 파일/1. 한국딥테크기술투자조합_규약(안)_F.pdf,0709,1. 한국딥테크기술투자조합_규약(안)_F.pdf,pdf (application/pdf),2026-07-08T08:56:53.860Z,2026-05-21T08:57:39.837Z,,,UNCLASSIFIED,분류 불가,근거 부족,파일명·상대경로 메타데이터,UNCLASSIFIED,NOT_CHECKED,,,YES,파일명만으로 업무 분류 불가
FWO-0146,0709/작업 파일/2. 한국딥테크기술투자조합_결성계획서_F.pdf,0709,2. 한국딥테크기술투자조합_결성계획서_F.pdf,pdf (application/pdf),2026-07-08T08:56:59.003Z,2026-05-21T08:57:26.500Z,,,UNCLASSIFIED,분류 불가,근거 부족,파일명·상대경로 메타데이터,UNCLASSIFIED,NOT_CHECKED,,,YES,파일명만으로 업무 분류 불가
FWO-0147,0709/작업 파일/[REDACTED_SENSITIVE_FILENAME].pdf,0709,[REDACTED_SENSITIVE_FILENAME].pdf,pdf (application/pdf),2026-07-08T08:58:19.429Z,2024-05-29T10:55:34.000Z,,,SENSITIVE_REFERENCE,민감정보 포함 가능 파일,분류 제외,파일명·상대경로 메타데이터,CONFIRMED,NOT_CHECKED,,,YES,민감정보 가능 파일명 비식별 처리
FWO-0148,0707/작업 파일/[추가서류]법인·단체 사실상 지배자 체크리스트.pdf,0707,[추가서류]법인·단체 사실상 지배자 체크리스트.pdf,pdf (application/pdf),2026-07-07T08:33:37.008Z,2026-07-07T08:26:58.862Z,,,OTHER_BANK_ARTIFACT,은행 기타 산출물,은행 기타 업무 가능성,파일명·상대경로 메타데이터,MEDIUM,NOT_CHECKED,,은행 기타 업무,YES,
FWO-0149,0707/작업 파일/테일프론티어투자조합3호_위임장.pdf,0707,테일프론티어투자조합3호_위임장.pdf,pdf (application/pdf),2026-07-07T04:08:38.661Z,2026-07-07T02:56:25.470Z,,,UNCLASSIFIED,분류 불가,근거 부족,파일명·상대경로 메타데이터,UNCLASSIFIED,NOT_CHECKED,,,YES,파일명만으로 업무 분류 불가
FWO-0150,0707/작업 파일/테일프론티어투자조합3호_거래신청서.pdf,0707,테일프론티어투자조합3호_거래신청서.pdf,pdf (application/pdf),2026-07-07T04:08:38.637Z,2026-07-07T02:52:02.690Z,,,UNCLASSIFIED,분류 불가,근거 부족,파일명·상대경로 메타데이터,UNCLASSIFIED,NOT_CHECKED,,,YES,파일명만으로 업무 분류 불가
FWO-0151,0707/작업 파일/KakaoTalk_20260707_101436106.jpg,0707,KakaoTalk_20260707_101436106.jpg,jpg (image/jpeg),2026-07-07T01:16:24.511Z,2026-07-07T01:16:23.667Z,,,UNCLASSIFIED,분류 불가,근거 부족,파일명·상대경로 메타데이터,UNCLASSIFIED,NOT_CHECKED,,,YES,파일명만으로 업무 분류 불가
FWO-0152,0707/작업 파일/9. 테일프론티어투자조합3호_규약(안)_260701.pdf,0707,9. 테일프론티어투자조합3호_규약(안)_260701.pdf,pdf (application/pdf),2026-07-02T04:39:59.337Z,2026-07-01T01:54:06.378Z,,,UNCLASSIFIED,분류 불가,근거 부족,파일명·상대경로 메타데이터,UNCLASSIFIED,NOT_CHECKED,,,YES,파일명만으로 업무 분류 불가
FWO-0153,0707/작업 파일/테일프론티어투자조합3호_고유번호증.txt,0707,테일프론티어투자조합3호_고유번호증.txt,txt (text/plain),2026-07-08T00:40:05.020Z,2026-06-30T07:42:45.630Z,테일프론티어투자조합3호,테일프론티어투자조합3호,RESULT_DOCUMENT,고유번호증 결과물,결과물 수령 가능성,파일명·상대경로 메타데이터,CONFIRMED,NOT_FOUND,,E2E-03 고유번호증 신규 신청,YES,FUND 마스터 일치 없음
FWO-0154,0702/농협_위임장 양식 개정/미라파트너스 위임장(반포역지점 귀중)_잔액증명서 발급시.pdf,0702,미라파트너스 위임장(반포역지점 귀중)_잔액증명서 발급시.pdf,pdf (application/pdf),2026-07-03T01:57:50.339Z,2026-07-03T01:57:49.375Z,,,RESULT_DOCUMENT,잔액증명서,잔액증명서 발급·수령 가능성,파일명·상대경로 메타데이터,CONFIRMED,NOT_CHECKED,,잔액증명서,YES,
FWO-0155,0702/농협_위임장 양식 개정/미라파트너스 위임장(반포역지점 귀중)_일반계좌.pdf,0702,미라파트너스 위임장(반포역지점 귀중)_일반계좌.pdf,pdf (application/pdf),2026-07-03T01:57:35.305Z,2026-07-03T01:57:34.398Z,,,UNCLASSIFIED,분류 불가,근거 부족,파일명·상대경로 메타데이터,UNCLASSIFIED,NOT_CHECKED,,,YES,파일명만으로 업무 분류 불가
FWO-0156,0702/농협_위임장 양식 개정/미라파트너스 위임장(반포역지점 귀중)_안전계좌 개설시.pdf,0702,미라파트너스 위임장(반포역지점 귀중)_안전계좌 개설시.pdf,pdf (application/pdf),2026-07-03T01:57:12.468Z,2026-07-03T01:57:12.154Z,,,UNCLASSIFIED,분류 불가,근거 부족,파일명·상대경로 메타데이터,UNCLASSIFIED,NOT_CHECKED,,,YES,파일명만으로 업무 분류 불가
FWO-0157,0702/농협_위임장 양식 개정/미라파트너스 위임장_안전계좌 개설시.hwp,0702,미라파트너스 위임장_안전계좌 개설시.hwp,hwp (application/x-hwp),2026-07-02T06:35:10.795Z,2026-07-03T01:52:33.259Z,,,UNCLASSIFIED,분류 불가,근거 부족,파일명·상대경로 메타데이터,UNCLASSIFIED,NOT_CHECKED,,,YES,파일명만으로 업무 분류 불가
FWO-0158,0702/농협_위임장 양식 개정/미라파트너스 위임장(반포역지점 귀중)_잔액증명서 발급시.hwp,0702,미라파트너스 위임장(반포역지점 귀중)_잔액증명서 발급시.hwp,hwp (application/x-hwp),2026-07-02T05:41:18.572Z,2026-07-03T01:52:15.980Z,,,RESULT_DOCUMENT,잔액증명서,잔액증명서 발급·수령 가능성,파일명·상대경로 메타데이터,CONFIRMED,NOT_CHECKED,,잔액증명서,YES,
FWO-0159,0702/농협_위임장 양식 개정/미라파트너스 위임장(반포역지점 귀중)_일반계좌.hwp,0702,미라파트너스 위임장(반포역지점 귀중)_일반계좌.hwp,hwp (application/x-hwp),2026-07-02T05:40:27.534Z,2026-07-03T01:51:58.076Z,,,UNCLASSIFIED,분류 불가,근거 부족,파일명·상대경로 메타데이터,UNCLASSIFIED,NOT_CHECKED,,,YES,파일명만으로 업무 분류 불가
FWO-0160,0702/농협_위임장 양식 개정/미라파트너스 위임장(반포역지점 귀중)_안전계좌 개설시.hwp,0702,미라파트너스 위임장(반포역지점 귀중)_안전계좌 개설시.hwp,hwp (application/x-hwp),2026-07-02T05:41:17.522Z,2026-07-03T01:51:41.626Z,,,UNCLASSIFIED,분류 불가,근거 부족,파일명·상대경로 메타데이터,UNCLASSIFIED,NOT_CHECKED,,,YES,파일명만으로 업무 분류 불가
FWO-0161,0702/농협_위임장 양식 개정/1-1. 미라파트너스_위임장_안전계좌_개설시.pdf,0702,1-1. 미라파트너스_위임장_안전계좌_개설시.pdf,pdf (application/pdf),2026-07-03T01:56:50.631Z,2025-04-01T02:48:14.160Z,,,UNCLASSIFIED,분류 불가,근거 부족,파일명·상대경로 메타데이터,UNCLASSIFIED,NOT_CHECKED,,,YES,파일명만으로 업무 분류 불가
FWO-0162,2026.06/0630/##합본_충북 팁스전용 투자조합1호_고유번호증 신청서류(규약 미포함).pdf,0630,##합본_충북 팁스전용 투자조합1호_고유번호증 신청서류(규약 미포함).pdf,pdf (application/pdf),2026-06-30T07:02:00.742Z,2026-06-30T07:06:46.385Z,충북 팁스전용 투자조합1호,충북 팁스전용 투자조합1호,SUBMISSION_PACKAGE,고유번호증 신청서류,신규 신청 준비·제출 가능성,파일명·상대경로 메타데이터,CONFIRMED,NOT_FOUND,,E2E-03 고유번호증 신규 신청,YES,FUND 마스터 일치 없음
FWO-0163,2026.06/0630/#충북 팁스전용 투자조합1호_고유번호증 접수증.pdf,0630,#충북 팁스전용 투자조합1호_고유번호증 접수증.pdf,pdf (application/pdf),2026-06-30T06:56:02.421Z,2026-06-30T06:56:01.820Z,충북 팁스전용 투자조합1호,충북 팁스전용 투자조합1호,RECEIPT,고유번호증 신청 접수증,기관 접수 완료 가능성,파일명·상대경로 메타데이터,CONFIRMED,NOT_FOUND,,E2E-03 고유번호증 신규 신청,YES,FUND 마스터 일치 없음
FWO-0164,2026.06/0630/#파라마운트플래티넘투자조합_고유번호증 정정 접수증(취하 후 재접수).pdf,0630,#파라마운트플래티넘투자조합_고유번호증 정정 접수증(취하 후 재접수).pdf,pdf (application/pdf),2026-06-30T00:45:03.361Z,2026-06-30T00:45:02.847Z,파라마운트플래티넘투자조합,파라마운트플래티넘투자조합,RECEIPT,고유번호증 정정 산출물,정정 접수 가능성,파일명·상대경로 메타데이터,CONFIRMED,EXACT_1,파라마운트플래티넘투자조합,고유번호증 정정,NO,
FWO-0165,2026.06/0629/#파라마운트플래티넘투자조합_고유번호증 정정 접수증.pdf,0629,#파라마운트플래티넘투자조합_고유번호증 정정 접수증.pdf,pdf (application/pdf),2026-06-29T07:36:07.927Z,2026-06-30T07:00:23.281Z,파라마운트플래티넘투자조합,파라마운트플래티넘투자조합,RECEIPT,고유번호증 정정 산출물,정정 접수 가능성,파일명·상대경로 메타데이터,CONFIRMED,EXACT_1,파라마운트플래티넘투자조합,고유번호증 정정,NO,
FWO-0166,2026.06/0629/##합본_파라마운트플래티넘투자조합_고유번호증 정정 신청서류.pdf,0629,##합본_파라마운트플래티넘투자조합_고유번호증 정정 신청서류.pdf,pdf (application/pdf),2026-06-29T07:36:04.173Z,2026-06-29T07:36:04.018Z,파라마운트플래티넘투자조합,파라마운트플래티넘투자조합,SUBMISSION_PACKAGE,고유번호증 정정 산출물,정정 신청 준비·제출 가능성,파일명·상대경로 메타데이터,CONFIRMED,EXACT_1,파라마운트플래티넘투자조합,고유번호증 정정,NO,
FWO-0167,2026.06/0629/아이씨에프 제오십사호 투자조합_조합 계좌.pdf,0629,아이씨에프 제오십사호 투자조합_조합 계좌.pdf,pdf (application/pdf),2026-06-29T07:35:58.821Z,2026-06-29T07:35:58.216Z,,,UNCLASSIFIED,분류 불가,근거 부족,파일명·상대경로 메타데이터,UNCLASSIFIED,NOT_CHECKED,,,YES,파일명만으로 업무 분류 불가
FWO-0168,2026.06/0629/아이씨에프 제오십오호 투자조합_조합 계좌.pdf,0629,아이씨에프 제오십오호 투자조합_조합 계좌.pdf,pdf (application/pdf),2026-06-29T07:35:54.492Z,2026-06-29T07:35:53.919Z,,,UNCLASSIFIED,분류 불가,근거 부족,파일명·상대경로 메타데이터,UNCLASSIFIED,NOT_CHECKED,,,YES,파일명만으로 업무 분류 불가
FWO-0169,2026.06/0629/아이씨에프 제오십삼호 투자조합_조합 계좌.pdf,0629,아이씨에프 제오십삼호 투자조합_조합 계좌.pdf,pdf (application/pdf),2026-06-29T07:35:46.936Z,2026-06-29T07:35:46.470Z,,,UNCLASSIFIED,분류 불가,근거 부족,파일명·상대경로 메타데이터,UNCLASSIFIED,NOT_CHECKED,,,YES,파일명만으로 업무 분류 불가
FWO-0170,2026.06/0626/파라마운트플래티넘투자조합_보안 카드.pdf,0626,파라마운트플래티넘투자조합_보안 카드.pdf,pdf (application/pdf),2026-06-26T08:48:10.547Z,2026-06-26T08:48:43.786Z,파라마운트플래티넘투자조합,파라마운트플래티넘투자조합,SECURITY_CARD,보안카드,보안카드 발급·수령 가능성,파일명·상대경로 메타데이터,CONFIRMED,EXACT_1,파라마운트플래티넘투자조합,보안카드 발급·수령,NO,
FWO-0171,2026.06/0626/KakaoTalk_20260626_174643237.jpg,0626,KakaoTalk_20260626_174643237.jpg,jpg (image/jpeg),2026-06-26T08:47:21.337Z,2026-06-26T08:47:20.497Z,,,UNCLASSIFIED,분류 불가,근거 부족,파일명·상대경로 메타데이터,UNCLASSIFIED,NOT_CHECKED,,,YES,파일명만으로 업무 분류 불가
FWO-0172,2026.06/0626/파이오니어-제이더블유 신기술투자조합_보안카드.pdf,0626,파이오니어-제이더블유 신기술투자조합_보안카드.pdf,pdf (application/pdf),2026-06-26T07:03:10.261Z,2026-06-26T07:03:48.482Z,파이오니어-제이더블유 신기술투자조합,파이오니어-제이더블유 신기술투자조합,SECURITY_CARD,보안카드,보안카드 발급·수령 가능성,파일명·상대경로 메타데이터,CONFIRMED,EXACT_1,파이오니어-제이더블유 신기술투자조합,보안카드 발급·수령,NO,
FWO-0173,2026.06/0626/KakaoTalk_20260626_160155261.jpg,0626,KakaoTalk_20260626_160155261.jpg,jpg (image/jpeg),2026-06-26T07:02:25.410Z,2026-06-26T07:02:24.520Z,,,UNCLASSIFIED,분류 불가,근거 부족,파일명·상대경로 메타데이터,UNCLASSIFIED,NOT_CHECKED,,,YES,파일명만으로 업무 분류 불가
FWO-0174,2026.06/0626/아이씨에프 제오십삼호 투자조합_조합 계좌.pdf,0626,아이씨에프 제오십삼호 투자조합_조합 계좌.pdf,pdf (application/pdf),2026-06-26T04:12:01.810Z,2026-06-26T04:12:00.886Z,,,UNCLASSIFIED,분류 불가,근거 부족,파일명·상대경로 메타데이터,UNCLASSIFIED,NOT_CHECKED,,,YES,파일명만으로 업무 분류 불가
FWO-0175,2026.06/0626/아이씨에프 제오십이호 투자조합_조합 계좌.pdf,0626,아이씨에프 제오십이호 투자조합_조합 계좌.pdf,pdf (application/pdf),2026-06-26T04:11:56.739Z,2026-06-26T04:11:56.160Z,,,UNCLASSIFIED,분류 불가,근거 부족,파일명·상대경로 메타데이터,UNCLASSIFIED,NOT_CHECKED,,,YES,파일명만으로 업무 분류 불가
FWO-0176,2026.06/0626/아이씨에프 제삼십칠호 투자조합_조합 계좌.pdf,0626,아이씨에프 제삼십칠호 투자조합_조합 계좌.pdf,pdf (application/pdf),2026-06-26T04:11:51.170Z,2026-06-26T04:11:50.531Z,,,UNCLASSIFIED,분류 불가,근거 부족,파일명·상대경로 메타데이터,UNCLASSIFIED,NOT_CHECKED,,,YES,파일명만으로 업무 분류 불가
FWO-0177,2026.06/0626/피와이투 조합_조합 계좌.pdf,0626,피와이투 조합_조합 계좌.pdf,pdf (application/pdf),2026-06-26T03:42:09.568Z,2026-06-26T03:42:08.938Z,,,UNCLASSIFIED,분류 불가,근거 부족,파일명·상대경로 메타데이터,UNCLASSIFIED,NOT_CHECKED,,,YES,파일명만으로 업무 분류 불가
FWO-0178,2026.06/0623/##합본_아이씨에프 제오십삼호 투자조합_계좌개설서류.pdf,0623,##합본_아이씨에프 제오십삼호 투자조합_계좌개설서류.pdf,pdf (application/pdf),2026-06-23T02:09:33.193Z,2026-06-26T06:52:52.361Z,아이씨에프 제오십삼호 투자조합,아이씨에프 제오십삼호 투자조합,SUBMISSION_PACKAGE,계좌개설 신청·제출서류,계좌개설 준비·신청 가능성,파일명·상대경로 메타데이터,CONFIRMED,EXACT_1,아이씨에프 제오십삼호 투자조합,계좌개설 준비·신청,NO,
FWO-0179,2026.06/0623/아이씨에프 제오십오호 투자조합_보안카드.pdf,0623,아이씨에프 제오십오호 투자조합_보안카드.pdf,pdf (application/pdf),2026-06-23T09:46:26.291Z,2026-06-23T09:46:41.353Z,아이씨에프 제오십오호 투자조합,아이씨에프 제오십오호 투자조합,SECURITY_CARD,보안카드,보안카드 발급·수령 가능성,파일명·상대경로 메타데이터,CONFIRMED,EXACT_1,아이씨에프 제오십오호 투자조합,보안카드 발급·수령,NO,
FWO-0180,2026.06/0623/아이씨에프 제오십사호 투자조합_보안카드.pdf,0623,아이씨에프 제오십사호 투자조합_보안카드.pdf,pdf (application/pdf),2026-06-23T09:45:46.979Z,2026-06-23T09:46:03.559Z,아이씨에프 제오십사호 투자조합,아이씨에프 제오십사호 투자조합,SECURITY_CARD,보안카드,보안카드 발급·수령 가능성,파일명·상대경로 메타데이터,CONFIRMED,EXACT_1,아이씨에프 제오십사호 투자조합,보안카드 발급·수령,NO,
FWO-0181,2026.06/0623/아이씨에프 제오십삼호 투자조합_보안카드.pdf,0623,아이씨에프 제오십삼호 투자조합_보안카드.pdf,pdf (application/pdf),2026-06-23T09:45:06.747Z,2026-06-23T09:45:27.082Z,아이씨에프 제오십삼호 투자조합,아이씨에프 제오십삼호 투자조합,SECURITY_CARD,보안카드,보안카드 발급·수령 가능성,파일명·상대경로 메타데이터,CONFIRMED,EXACT_1,아이씨에프 제오십삼호 투자조합,보안카드 발급·수령,NO,
FWO-0182,2026.06/0623/아이씨에프 제오십이호 투자조합_보안카드.pdf,0623,아이씨에프 제오십이호 투자조합_보안카드.pdf,pdf (application/pdf),2026-06-23T09:44:08.105Z,2026-06-23T09:44:22.489Z,아이씨에프 제오십이호 투자조합,아이씨에프 제오십이호 투자조합,SECURITY_CARD,보안카드,보안카드 발급·수령 가능성,파일명·상대경로 메타데이터,CONFIRMED,EXACT_1,아이씨에프 제오십이호 투자조합,보안카드 발급·수령,NO,
FWO-0183,2026.06/0623/아이씨에프 제오십일호 투자조합_보안카드.pdf,0623,아이씨에프 제오십일호 투자조합_보안카드.pdf,pdf (application/pdf),2026-06-23T09:43:35.416Z,2026-06-23T09:43:53.949Z,아이씨에프 제오십일호 투자조합,아이씨에프 제오십일호 투자조합,SECURITY_CARD,보안카드,보안카드 발급·수령 가능성,파일명·상대경로 메타데이터,CONFIRMED,EXACT_1,아이씨에프 제오십일호 투자조합,보안카드 발급·수령,NO,
FWO-0184,2026.06/0623/아이씨에프 제오십호 투자조합_보안카드.pdf,0623,아이씨에프 제오십호 투자조합_보안카드.pdf,pdf (application/pdf),2026-06-23T09:42:04.939Z,2026-06-23T09:42:25.844Z,아이씨에프 제오십호 투자조합,아이씨에프 제오십호 투자조합,SECURITY_CARD,보안카드,보안카드 발급·수령 가능성,파일명·상대경로 메타데이터,CONFIRMED,EXACT_1,아이씨에프 제오십호 투자조합,보안카드 발급·수령,NO,
FWO-0185,2026.06/0623/(작업용)피와이투조합_은행 서류_계좌개설서류.pdf,0623,(작업용)피와이투조합_은행 서류_계좌개설서류.pdf,pdf (application/pdf),2026-06-23T00:19:37.107Z,2026-06-23T06:54:27.296Z,피와이투조합,피와이투조합,SUBMISSION_PACKAGE,계좌개설 신청·제출서류,계좌개설 준비·신청 가능성,파일명·상대경로 메타데이터,CONFIRMED,NOT_FOUND,,계좌개설 준비·신청,YES,FUND 마스터 일치 없음
FWO-0186,2026.06/0623/##합본_피와이투조합_은행 서류_계좌개설서류.pdf,0623,##합본_피와이투조합_은행 서류_계좌개설서류.pdf,pdf (application/pdf),2026-06-23T06:52:31.093Z,2026-06-23T06:53:45.601Z,피와이투조합,피와이투조합,SUBMISSION_PACKAGE,계좌개설 신청·제출서류,계좌개설 준비·신청 가능성,파일명·상대경로 메타데이터,CONFIRMED,NOT_FOUND,,계좌개설 준비·신청,YES,FUND 마스터 일치 없음
FWO-0187,2026.06/0623/숙명-미라 농협안전계좌.pdf,0623,숙명-미라 농협안전계좌.pdf,pdf (application/pdf),2026-06-23T06:52:56.772Z,2026-06-23T06:52:56.405Z,,,UNCLASSIFIED,분류 불가,근거 부족,파일명·상대경로 메타데이터,UNCLASSIFIED,NOT_CHECKED,,,YES,파일명만으로 업무 분류 불가
FWO-0188,2026.06/0623/피와이투조합_고유번호증.pdf,0623,피와이투조합_고유번호증.pdf,pdf (application/pdf),2026-06-23T05:54:18.773Z,2026-06-23T05:54:18.087Z,피와이투조합,피와이투조합,RESULT_DOCUMENT,고유번호증 결과물,결과물 수령 가능성,파일명·상대경로 메타데이터,CONFIRMED,NOT_FOUND,,E2E-03 고유번호증 신규 신청,YES,FUND 마스터 일치 없음
FWO-0189,2026.06/0623/#유진-수이제네리스 AI 빅웨이브 벤처투자조합_고유번호증 접수증.pdf,0623,#유진-수이제네리스 AI 빅웨이브 벤처투자조합_고유번호증 접수증.pdf,pdf (application/pdf),2026-06-23T05:54:03.064Z,2026-06-23T05:54:02.404Z,유진-수이제네리스 AI 빅웨이브 벤처투자조합,유진-수이제네리스 AI 빅웨이브 벤처투자조합,RECEIPT,고유번호증 신청 접수증,기관 접수 완료 가능성,파일명·상대경로 메타데이터,CONFIRMED,NOT_FOUND,,E2E-03 고유번호증 신규 신청,YES,FUND 마스터 일치 없음
FWO-0190,2026.06/0623/##합본_유진-수이제네리스 AI 빅웨이브 벤처투자조합_고유번호증 제출서류.pdf,0623,##합본_유진-수이제네리스 AI 빅웨이브 벤처투자조합_고유번호증 제출서류.pdf,pdf (application/pdf),2026-06-23T05:52:21.033Z,2026-06-23T05:52:47.534Z,유진-수이제네리스 AI 빅웨이브 벤처투자조합,유진-수이제네리스 AI 빅웨이브 벤처투자조합,RESULT_DOCUMENT,고유번호증 결과물,결과물 수령 가능성,파일명·상대경로 메타데이터,CONFIRMED,NOT_FOUND,,E2E-03 고유번호증 신규 신청,YES,FUND 마스터 일치 없음
FWO-0191,2026.06/0623/MG-르네상스 레저 신기술투자조합 제1호_보안카드.pdf,0623,MG-르네상스 레저 신기술투자조합 제1호_보안카드.pdf,pdf (application/pdf),2026-06-23T03:19:21.843Z,2026-06-23T03:19:08.566Z,MG-르네상스 레저 신기술투자조합 제1호,MG-르네상스 레저 신기술투자조합 제1호,SECURITY_CARD,보안카드,보안카드 발급·수령 가능성,파일명·상대경로 메타데이터,CONFIRMED,NOT_FOUND,,보안카드 발급·수령,YES,FUND 마스터 일치 없음
FWO-0192,2026.06/0623/테일프론티어투자조합2호_조합 계좌.pdf,0623,테일프론티어투자조합2호_조합 계좌.pdf,pdf (application/pdf),2026-06-23T02:58:58.872Z,2026-06-23T02:58:58.412Z,,,UNCLASSIFIED,분류 불가,근거 부족,파일명·상대경로 메타데이터,UNCLASSIFIED,NOT_CHECKED,,,YES,파일명만으로 업무 분류 불가
FWO-0193,2026.06/0623/##합본_아이씨에프 제오십오호 투자조합_계좌개설서류.pdf,0623,##합본_아이씨에프 제오십오호 투자조합_계좌개설서류.pdf,pdf (application/pdf),2026-06-23T02:09:39.223Z,2026-06-23T02:05:16.366Z,아이씨에프 제오십오호 투자조합,아이씨에프 제오십오호 투자조합,SUBMISSION_PACKAGE,계좌개설 신청·제출서류,계좌개설 준비·신청 가능성,파일명·상대경로 메타데이터,CONFIRMED,EXACT_1,아이씨에프 제오십오호 투자조합,계좌개설 준비·신청,NO,
FWO-0194,2026.06/0623/##합본_아이씨에프 제오십사호 투자조합_계좌개설서류.pdf,0623,##합본_아이씨에프 제오십사호 투자조합_계좌개설서류.pdf,pdf (application/pdf),2026-06-23T02:09:38.543Z,2026-06-23T02:04:17.038Z,아이씨에프 제오십사호 투자조합,아이씨에프 제오십사호 투자조합,SUBMISSION_PACKAGE,계좌개설 신청·제출서류,계좌개설 준비·신청 가능성,파일명·상대경로 메타데이터,CONFIRMED,EXACT_1,아이씨에프 제오십사호 투자조합,계좌개설 준비·신청,NO,
FWO-0195,2026.06/0623/##합본_아이씨에프 제오십이호 투자조합_계좌개설서류.pdf,0623,##합본_아이씨에프 제오십이호 투자조합_계좌개설서류.pdf,pdf (application/pdf),2026-06-23T02:09:38.358Z,2026-06-23T02:03:08.550Z,아이씨에프 제오십이호 투자조합,아이씨에프 제오십이호 투자조합,SUBMISSION_PACKAGE,계좌개설 신청·제출서류,계좌개설 준비·신청 가능성,파일명·상대경로 메타데이터,CONFIRMED,EXACT_1,아이씨에프 제오십이호 투자조합,계좌개설 준비·신청,NO,
FWO-0196,2026.06/0625/유진-수이제네리스 AI 빅웨이브 벤처투자조합_보안카드.pdf,0625,유진-수이제네리스 AI 빅웨이브 벤처투자조합_보안카드.pdf,pdf (application/pdf),2026-06-25T08:40:20.794Z,2026-06-25T08:40:06.570Z,유진-수이제네리스 AI 빅웨이브 벤처투자조합,유진-수이제네리스 AI 빅웨이브 벤처투자조합,SECURITY_CARD,보안카드,보안카드 발급·수령 가능성,파일명·상대경로 메타데이터,CONFIRMED,NOT_FOUND,,보안카드 발급·수령,YES,FUND 마스터 일치 없음
FWO-0197,2026.06/0625/KakaoTalk_20260625_151348188.jpg,0625,KakaoTalk_20260625_151348188.jpg,jpg (image/jpeg),2026-06-25T08:38:23.834Z,2026-06-25T08:38:23.010Z,,,UNCLASSIFIED,분류 불가,근거 부족,파일명·상대경로 메타데이터,UNCLASSIFIED,NOT_CHECKED,,,YES,파일명만으로 업무 분류 불가
FWO-0198,2026.06/0625/파이오니어-제이더블유 신기술투자조합_고유번호증.pdf,0625,파이오니어-제이더블유 신기술투자조합_고유번호증.pdf,pdf (application/pdf),2026-06-25T08:35:59.056Z,2026-06-25T08:35:58.873Z,파이오니어-제이더블유 신기술투자조합,파이오니어-제이더블유 신기술투자조합,RESULT_DOCUMENT,고유번호증 결과물,결과물 수령 가능성,파일명·상대경로 메타데이터,CONFIRMED,EXACT_1,파이오니어-제이더블유 신기술투자조합,E2E-03 고유번호증 신규 신청,NO,
FWO-0199,2026.06/0625/파라마운트플래티넘투자조합_고유번호증.pdf,0625,파라마운트플래티넘투자조합_고유번호증.pdf,pdf (application/pdf),2026-06-25T08:35:45.081Z,2026-06-25T08:35:44.354Z,파라마운트플래티넘투자조합,파라마운트플래티넘투자조합,RESULT_DOCUMENT,고유번호증 결과물,결과물 수령 가능성,파일명·상대경로 메타데이터,CONFIRMED,EXACT_1,파라마운트플래티넘투자조합,E2E-03 고유번호증 신규 신청,NO,
FWO-0200,2026.06/0625/#파이오니어-제이더블유 신기술투자조합_보안카드 제출서류.pdf,0625,#파이오니어-제이더블유 신기술투자조합_보안카드 제출서류.pdf,pdf (application/pdf),2026-06-25T08:33:37.644Z,2026-06-25T08:33:37.133Z,파이오니어-제이더블유 신기술투자조합,파이오니어-제이더블유 신기술투자조합,SUBMISSION_PACKAGE,보안카드 신청서류,보안카드 발급 신청 가능성,파일명·상대경로 메타데이터,CONFIRMED,EXACT_1,파이오니어-제이더블유 신기술투자조합,보안카드 발급·수령,NO,
FWO-0201,2026.06/0625/#파라마운트플래티넘투자조합_보안카드 제출서류.pdf,0625,#파라마운트플래티넘투자조합_보안카드 제출서류.pdf,pdf (application/pdf),2026-06-25T08:33:33.206Z,2026-06-25T08:33:32.673Z,파라마운트플래티넘투자조합,파라마운트플래티넘투자조합,SUBMISSION_PACKAGE,보안카드 신청서류,보안카드 발급 신청 가능성,파일명·상대경로 메타데이터,CONFIRMED,EXACT_1,파라마운트플래티넘투자조합,보안카드 발급·수령,NO,
FWO-0202,2026.06/0624/피와이투 조합_보안카드.pdf,0624,피와이투 조합_보안카드.pdf,pdf (application/pdf),2026-06-24T09:37:41.149Z,2026-06-24T09:38:50.880Z,피와이투 조합,피와이투 조합,SECURITY_CARD,보안카드,보안카드 발급·수령 가능성,파일명·상대경로 메타데이터,CONFIRMED,NOT_FOUND,,보안카드 발급·수령,YES,FUND 마스터 일치 없음
FWO-0203,2026.06/0624/피와이투 조합_보안카드.jpg,0624,피와이투 조합_보안카드.jpg,jpg (image/jpeg),2026-06-24T09:37:01.429Z,2026-06-24T09:37:00.517Z,피와이투 조합,피와이투 조합,SECURITY_CARD,보안카드,보안카드 발급·수령 가능성,파일명·상대경로 메타데이터,CONFIRMED,NOT_FOUND,,보안카드 발급·수령,YES,FUND 마스터 일치 없음
FWO-0204,2026.06/0624/유진-수이제네리스 AI 빅웨이브 벤처투자조합_고유번호증.pdf,0624,유진-수이제네리스 AI 빅웨이브 벤처투자조합_고유번호증.pdf,pdf (application/pdf),2026-06-24T08:25:53.771Z,2026-06-24T08:25:52.959Z,유진-수이제네리스 AI 빅웨이브 벤처투자조합,유진-수이제네리스 AI 빅웨이브 벤처투자조합,RESULT_DOCUMENT,고유번호증 결과물,결과물 수령 가능성,파일명·상대경로 메타데이터,CONFIRMED,NOT_FOUND,,E2E-03 고유번호증 신규 신청,YES,FUND 마스터 일치 없음
FWO-0205,2026.06/0624/#세원 개인투자조합 제1호_고유번호증(정정) 접수증.pdf,0624,#세원 개인투자조합 제1호_고유번호증(정정) 접수증.pdf,pdf (application/pdf),2026-06-24T08:23:21.606Z,2026-06-24T08:23:20.823Z,세원 개인투자조합 제1호,세원 개인투자조합 제1호,RECEIPT,고유번호증 정정 산출물,정정 접수 가능성,파일명·상대경로 메타데이터,CONFIRMED,EXACT_1,세원 개인투자조합 제1호,고유번호증 정정,NO,
FWO-0206,2026.06/0624/#파이오니어-제이더블유 신기술투자조합_고유번호증 접수증.pdf,0624,#파이오니어-제이더블유 신기술투자조합_고유번호증 접수증.pdf,pdf (application/pdf),2026-06-24T08:22:18.003Z,2026-06-24T08:22:17.257Z,파이오니어-제이더블유 신기술투자조합,파이오니어-제이더블유 신기술투자조합,RECEIPT,고유번호증 신청 접수증,기관 접수 완료 가능성,파일명·상대경로 메타데이터,CONFIRMED,EXACT_1,파이오니어-제이더블유 신기술투자조합,E2E-03 고유번호증 신규 신청,NO,
FWO-0207,2026.06/0624/#파라마운트플래티넘투자조합_고유번호증 접수증.pdf,0624,#파라마운트플래티넘투자조합_고유번호증 접수증.pdf,pdf (application/pdf),2026-06-24T08:19:48.721Z,2026-06-24T08:19:47.961Z,파라마운트플래티넘투자조합,파라마운트플래티넘투자조합,RECEIPT,고유번호증 신청 접수증,기관 접수 완료 가능성,파일명·상대경로 메타데이터,CONFIRMED,EXACT_1,파라마운트플래티넘투자조합,E2E-03 고유번호증 신규 신청,NO,
FWO-0208,2026.06/0624/##합본_파라마운트플래티넘투자조합_고유번호증 제출서류.pdf,0624,##합본_파라마운트플래티넘투자조합_고유번호증 제출서류.pdf,pdf (application/pdf),2026-06-24T08:18:32.842Z,2026-06-24T08:18:32.166Z,파라마운트플래티넘투자조합,파라마운트플래티넘투자조합,RESULT_DOCUMENT,고유번호증 결과물,결과물 수령 가능성,파일명·상대경로 메타데이터,CONFIRMED,EXACT_1,파라마운트플래티넘투자조합,E2E-03 고유번호증 신규 신청,NO,
FWO-0209,2026.06/0624/##합본_세원 개인투자조합 제1호_고유번호증(정정) 제출서류.pdf,0624,##합본_세원 개인투자조합 제1호_고유번호증(정정) 제출서류.pdf,pdf (application/pdf),2026-06-24T08:40:53.712Z,2026-06-24T08:18:21.294Z,세원 개인투자조합 제1호,세원 개인투자조합 제1호,RESULT_DOCUMENT,고유번호증 정정 산출물,정정 결과물 수령 가능성,파일명·상대경로 메타데이터,CONFIRMED,EXACT_1,세원 개인투자조합 제1호,고유번호증 정정,NO,
FWO-0210,2026.06/0624/#[보완서류] 55 개정 금융거래목적확인서(국문).pdf,0624,#[보완서류] 55 개정 금융거래목적확인서(국문).pdf,pdf (application/pdf),2026-06-24T08:05:10.198Z,2026-06-24T08:05:09.378Z,,,SUPPLEMENT,계좌개설 보완 산출물,계좌개설 보완 가능성,파일명·상대경로 메타데이터,MEDIUM,NOT_CHECKED,,계좌개설 보완,YES,
FWO-0211,2026.06/0624/#[보완서류] 54 개정 금융거래목적확인서(국문).pdf,0624,#[보완서류] 54 개정 금융거래목적확인서(국문).pdf,pdf (application/pdf),2026-06-24T08:05:03.452Z,2026-06-24T08:05:02.619Z,,,SUPPLEMENT,계좌개설 보완 산출물,계좌개설 보완 가능성,파일명·상대경로 메타데이터,MEDIUM,NOT_CHECKED,,계좌개설 보완,YES,
FWO-0212,2026.06/0624/#[보완서류] 53 개정 금융거래목적확인서(국문).pdf,0624,#[보완서류] 53 개정 금융거래목적확인서(국문).pdf,pdf (application/pdf),2026-06-24T08:04:56.776Z,2026-06-24T08:04:55.946Z,,,SUPPLEMENT,계좌개설 보완 산출물,계좌개설 보완 가능성,파일명·상대경로 메타데이터,MEDIUM,NOT_CHECKED,,계좌개설 보완,YES,
FWO-0213,2026.06/0624/#[보완서류] 52 개정 금융거래목적확인서(국문).pdf,0624,#[보완서류] 52 개정 금융거래목적확인서(국문).pdf,pdf (application/pdf),2026-06-24T08:04:49.379Z,2026-06-24T08:04:48.573Z,,,SUPPLEMENT,계좌개설 보완 산출물,계좌개설 보완 가능성,파일명·상대경로 메타데이터,MEDIUM,NOT_CHECKED,,계좌개설 보완,YES,
FWO-0214,2026.06/0624/#[보완서류] 51 개정 금융거래목적확인서(국문).pdf,0624,#[보완서류] 51 개정 금융거래목적확인서(국문).pdf,pdf (application/pdf),2026-06-24T08:04:44.001Z,2026-06-24T08:04:43.174Z,,,SUPPLEMENT,계좌개설 보완 산출물,계좌개설 보완 가능성,파일명·상대경로 메타데이터,MEDIUM,NOT_CHECKED,,계좌개설 보완,YES,
FWO-0215,2026.06/0624/##[보완 서류]합본_피와이투조합_은행 서류_계좌개설서류.pdf,0624,##[보완 서류]합본_피와이투조합_은행 서류_계좌개설서류.pdf,pdf (application/pdf),2026-06-24T06:29:12.546Z,2026-06-24T08:03:26.796Z,,,SUPPLEMENT,계좌개설 보완 산출물,계좌개설 보완 가능성,파일명·상대경로 메타데이터,CONFIRMED,NOT_CHECKED,,계좌개설 보완,YES,
FWO-0216,2026.06/0624/#[보완서류] 37 개정 금융거래목적확인서(국문).pdf,0624,#[보완서류] 37 개정 금융거래목적확인서(국문).pdf,pdf (application/pdf),2026-06-24T08:01:57.708Z,2026-06-24T08:01:56.990Z,,,SUPPLEMENT,계좌개설 보완 산출물,계좌개설 보완 가능성,파일명·상대경로 메타데이터,MEDIUM,NOT_CHECKED,,계좌개설 보완,YES,
FWO-0217,2026.06/0624/엠지-르네상스 레저 신기술투자조합 제1호_명판.bmp,0624,엠지-르네상스 레저 신기술투자조합 제1호_명판.bmp,bmp (image/bmp),2026-06-24T08:13:26.961Z,2026-06-24T00:32:04.457Z,,,UNCLASSIFIED,분류 불가,근거 부족,파일명·상대경로 메타데이터,UNCLASSIFIED,NOT_CHECKED,,,YES,파일명만으로 업무 분류 불가
FWO-0218,2026.06/0624/엠지-르네상스 레저 신기술투자조합 제1호_직인(사각인감).PNG,0624,엠지-르네상스 레저 신기술투자조합 제1호_직인(사각인감).PNG,png (image/png),2026-06-24T08:13:26.993Z,2026-06-24T00:31:57.525Z,,,UNCLASSIFIED,분류 불가,근거 부족,파일명·상대경로 메타데이터,UNCLASSIFIED,NOT_CHECKED,,,YES,파일명만으로 업무 분류 불가
FWO-0219,2026.06/0622/##합본_피와이투 조합_고유번호증 제출서류.pdf,0622,##합본_피와이투 조합_고유번호증 제출서류.pdf,pdf (application/pdf),2026-06-23T06:45:36.676Z,2026-06-23T06:51:41.562Z,피와이투 조합,피와이투 조합,RESULT_DOCUMENT,고유번호증 결과물,결과물 수령 가능성,파일명·상대경로 메타데이터,CONFIRMED,NOT_FOUND,,E2E-03 고유번호증 신규 신청,YES,FUND 마스터 일치 없음
FWO-0220,2026.06/0622/(취합)테일프론티어투자조합2호 은행 보완 서류.pdf,0622,(취합)테일프론티어투자조합2호 은행 보완 서류.pdf,pdf (application/pdf),2026-06-22T07:19:49.540Z,2026-06-23T00:44:10.054Z,테일프론티어투자조합2호,테일프론티어투자조합2호,OTHER_BANK_ARTIFACT,은행 기타 산출물,은행 기타 업무 가능성,파일명·상대경로 메타데이터,MEDIUM,EXACT_1,테일프론티어투자조합2호,은행 기타 업무,NO,
FWO-0221,2026.06/0622/#피와이투 조합_고유번호증 접수증.pdf,0622,#피와이투 조합_고유번호증 접수증.pdf,pdf (application/pdf),2026-06-22T09:24:27.439Z,2026-06-22T09:39:46.254Z,피와이투 조합,피와이투 조합,RECEIPT,고유번호증 신청 접수증,기관 접수 완료 가능성,파일명·상대경로 메타데이터,CONFIRMED,NOT_FOUND,,E2E-03 고유번호증 신규 신청,YES,FUND 마스터 일치 없음
FWO-0222,2026.06/0622/#엠지-르네상스 레저 신기술투자조합 제1호_보안카드 신청서류.pdf,0622,#엠지-르네상스 레저 신기술투자조합 제1호_보안카드 신청서류.pdf,pdf (application/pdf),2026-06-22T07:24:19.833Z,2026-06-22T09:39:00.977Z,엠지-르네상스 레저 신기술투자조합 제1호,엠지-르네상스 레저 신기술투자조합 제1호,SUBMISSION_PACKAGE,보안카드 신청서류,보안카드 발급 신청 가능성,파일명·상대경로 메타데이터,CONFIRMED,EXACT_1,엠지-르네상스 레저 신기술투자조합 제1호,보안카드 발급·수령,NO,
FWO-0223,2026.06/0622/엠지-르네상스 레저 신기술투자조합 제1호_고유번호증.pdf,0622,엠지-르네상스 레저 신기술투자조합 제1호_고유번호증.pdf,pdf (application/pdf),2026-06-22T09:38:41.526Z,2026-06-22T09:38:40.810Z,엠지-르네상스 레저 신기술투자조합 제1호,엠지-르네상스 레저 신기술투자조합 제1호,RESULT_DOCUMENT,고유번호증 결과물,결과물 수령 가능성,파일명·상대경로 메타데이터,CONFIRMED,EXACT_1,엠지-르네상스 레저 신기술투자조합 제1호,E2E-03 고유번호증 신규 신청,NO,
FWO-0224,2026.06/0622/아이씨에프 제오십오호 투자조합_고유번호증.pdf,0622,아이씨에프 제오십오호 투자조합_고유번호증.pdf,pdf (application/pdf),2026-06-22T09:38:22.264Z,2026-06-22T09:38:21.501Z,아이씨에프 제오십오호 투자조합,아이씨에프 제오십오호 투자조합,RESULT_DOCUMENT,고유번호증 결과물,결과물 수령 가능성,파일명·상대경로 메타데이터,CONFIRMED,EXACT_1,아이씨에프 제오십오호 투자조합,E2E-03 고유번호증 신규 신청,NO,
FWO-0225,2026.06/0622/아이씨에프 제오십사호 투자조합_고유번호증.pdf,0622,아이씨에프 제오십사호 투자조합_고유번호증.pdf,pdf (application/pdf),2026-06-22T09:38:12.068Z,2026-06-22T09:38:11.218Z,아이씨에프 제오십사호 투자조합,아이씨에프 제오십사호 투자조합,RESULT_DOCUMENT,고유번호증 결과물,결과물 수령 가능성,파일명·상대경로 메타데이터,CONFIRMED,EXACT_1,아이씨에프 제오십사호 투자조합,E2E-03 고유번호증 신규 신청,NO,
FWO-0226,2026.06/0622/아이씨에프 제오십삼호 투자조합_고유번호증.pdf,0622,아이씨에프 제오십삼호 투자조합_고유번호증.pdf,pdf (application/pdf),2026-06-22T09:38:02.922Z,2026-06-22T09:38:02.236Z,아이씨에프 제오십삼호 투자조합,아이씨에프 제오십삼호 투자조합,RESULT_DOCUMENT,고유번호증 결과물,결과물 수령 가능성,파일명·상대경로 메타데이터,CONFIRMED,EXACT_1,아이씨에프 제오십삼호 투자조합,E2E-03 고유번호증 신규 신청,NO,
FWO-0227,2026.06/0622/아이씨에프 제오십이호 투자조합_고유번호증.pdf,0622,아이씨에프 제오십이호 투자조합_고유번호증.pdf,pdf (application/pdf),2026-06-22T09:37:55.137Z,2026-06-22T09:37:54.425Z,아이씨에프 제오십이호 투자조합,아이씨에프 제오십이호 투자조합,RESULT_DOCUMENT,고유번호증 결과물,결과물 수령 가능성,파일명·상대경로 메타데이터,CONFIRMED,EXACT_1,아이씨에프 제오십이호 투자조합,E2E-03 고유번호증 신규 신청,NO,
FWO-0228,2026.06/0622/##합본_아이씨에프 제오십일호 투자조합_계좌개설서류.pdf,0622,##합본_아이씨에프 제오십일호 투자조합_계좌개설서류.pdf,pdf (application/pdf),2026-06-22T01:36:42.870Z,2026-06-22T09:09:35.650Z,아이씨에프 제오십일호 투자조합,아이씨에프 제오십일호 투자조합,SUBMISSION_PACKAGE,계좌개설 신청·제출서류,계좌개설 준비·신청 가능성,파일명·상대경로 메타데이터,CONFIRMED,EXACT_1,아이씨에프 제오십일호 투자조합,계좌개설 준비·신청,NO,
FWO-0229,2026.06/0622/##합본_아이씨에프 제오십호 투자조합_계좌개설서류.pdf,0622,##합본_아이씨에프 제오십호 투자조합_계좌개설서류.pdf,pdf (application/pdf),2026-06-22T00:52:50.642Z,2026-06-22T09:08:51.267Z,아이씨에프 제오십호 투자조합,아이씨에프 제오십호 투자조합,SUBMISSION_PACKAGE,계좌개설 신청·제출서류,계좌개설 준비·신청 가능성,파일명·상대경로 메타데이터,CONFIRMED,EXACT_1,아이씨에프 제오십호 투자조합,계좌개설 준비·신청,NO,
FWO-0230,2026.06/0622/##합본_아이씨에프 제삼십칠호 투자조합_계좌개설서류.pdf,0622,##합본_아이씨에프 제삼십칠호 투자조합_계좌개설서류.pdf,pdf (application/pdf),2026-06-22T02:14:43.621Z,2026-06-22T09:08:01.730Z,아이씨에프 제삼십칠호 투자조합,아이씨에프 제삼십칠호 투자조합,SUBMISSION_PACKAGE,계좌개설 신청·제출서류,계좌개설 준비·신청 가능성,파일명·상대경로 메타데이터,CONFIRMED,EXACT_1,아이씨에프 제삼십칠호 투자조합,계좌개설 준비·신청,NO,
FWO-0231,2026.06/0622/50_은행 날인본.pdf,0622,50_은행 날인본.pdf,pdf (application/pdf),2026-06-18T06:25:01.405Z,2026-06-19T09:27:41.444Z,,,OTHER_BANK_ARTIFACT,은행 기타 산출물,은행 기타 업무 가능성,파일명·상대경로 메타데이터,MEDIUM,NOT_CHECKED,,은행 기타 업무,YES,
FWO-0232,2026.06/0622/#아이씨에프 제오십이호 투자조합_보안카드 신청서류.pdf,0622,#아이씨에프 제오십이호 투자조합_보안카드 신청서류.pdf,pdf (application/pdf),2026-06-19T09:25:09.208Z,2026-06-19T09:25:08.581Z,아이씨에프 제오십이호 투자조합,아이씨에프 제오십이호 투자조합,SUBMISSION_PACKAGE,보안카드 신청서류,보안카드 발급 신청 가능성,파일명·상대경로 메타데이터,CONFIRMED,EXACT_1,아이씨에프 제오십이호 투자조합,보안카드 발급·수령,NO,
FWO-0233,2026.06/0622/#아이씨에프 제오십삼호 투자조합_보안카드 신청서류.pdf,0622,#아이씨에프 제오십삼호 투자조합_보안카드 신청서류.pdf,pdf (application/pdf),2026-06-19T09:24:14.718Z,2026-06-19T09:24:14.077Z,아이씨에프 제오십삼호 투자조합,아이씨에프 제오십삼호 투자조합,SUBMISSION_PACKAGE,보안카드 신청서류,보안카드 발급 신청 가능성,파일명·상대경로 메타데이터,CONFIRMED,EXACT_1,아이씨에프 제오십삼호 투자조합,보안카드 발급·수령,NO,
FWO-0234,2026.06/0622/#아이씨에프 제오십사호 투자조합_보안카드 신청서류.pdf,0622,#아이씨에프 제오십사호 투자조합_보안카드 신청서류.pdf,pdf (application/pdf),2026-06-19T09:23:41.357Z,2026-06-19T09:23:40.698Z,아이씨에프 제오십사호 투자조합,아이씨에프 제오십사호 투자조합,SUBMISSION_PACKAGE,보안카드 신청서류,보안카드 발급 신청 가능성,파일명·상대경로 메타데이터,CONFIRMED,EXACT_1,아이씨에프 제오십사호 투자조합,보안카드 발급·수령,NO,
FWO-0235,2026.06/0622/#아이씨에프 제오십오호 투자조합_보안카드 신청서류.pdf,0622,#아이씨에프 제오십오호 투자조합_보안카드 신청서류.pdf,pdf (application/pdf),2026-06-19T09:22:48.060Z,2026-06-19T09:22:47.450Z,아이씨에프 제오십오호 투자조합,아이씨에프 제오십오호 투자조합,SUBMISSION_PACKAGE,보안카드 신청서류,보안카드 발급 신청 가능성,파일명·상대경로 메타데이터,CONFIRMED,EXACT_1,아이씨에프 제오십오호 투자조합,보안카드 발급·수령,NO,
FWO-0236,2026.06/0622/아이씨에프 제오십일호 투자조합_고유번호증.pdf,0622,아이씨에프 제오십일호 투자조합_고유번호증.pdf,pdf (application/pdf),2026-06-22T01:51:15.249Z,2026-06-19T08:53:56.560Z,아이씨에프 제오십일호 투자조합,아이씨에프 제오십일호 투자조합,RESULT_DOCUMENT,고유번호증 결과물,결과물 수령 가능성,파일명·상대경로 메타데이터,CONFIRMED,EXACT_1,아이씨에프 제오십일호 투자조합,E2E-03 고유번호증 신규 신청,NO,
FWO-0237,2026.06/0622/아이씨에프 제오십호 투자조합_고유번호증.pdf,0622,아이씨에프 제오십호 투자조합_고유번호증.pdf,pdf (application/pdf),2026-06-22T01:50:59.144Z,2026-06-19T08:53:49.582Z,아이씨에프 제오십호 투자조합,아이씨에프 제오십호 투자조합,RESULT_DOCUMENT,고유번호증 결과물,결과물 수령 가능성,파일명·상대경로 메타데이터,CONFIRMED,EXACT_1,아이씨에프 제오십호 투자조합,E2E-03 고유번호증 신규 신청,NO,
FWO-0238,2026.06/0622/51_은행 날인본.pdf,0622,51_은행 날인본.pdf,pdf (application/pdf),2026-06-18T06:25:01.346Z,2026-06-19T04:46:24.767Z,,,OTHER_BANK_ARTIFACT,은행 기타 산출물,은행 기타 업무 가능성,파일명·상대경로 메타데이터,MEDIUM,NOT_CHECKED,,은행 기타 업무,YES,
FWO-0239,2026.06/0622/아이씨에프 제삼십칠호 투자조합_고유번호증.pdf,0622,아이씨에프 제삼십칠호 투자조합_고유번호증.pdf,pdf (application/pdf),2026-06-22T02:22:05.582Z,2026-02-09T09:12:43.284Z,아이씨에프 제삼십칠호 투자조합,아이씨에프 제삼십칠호 투자조합,RESULT_DOCUMENT,고유번호증 결과물,결과물 수령 가능성,파일명·상대경로 메타데이터,CONFIRMED,EXACT_1,아이씨에프 제삼십칠호 투자조합,E2E-03 고유번호증 신규 신청,NO,
FWO-0240,2026.06/0619/##합본_MG-르네상스 레저 신기술투자조합 제1호_고유번호증 신청 서류.pdf,0619,##합본_MG-르네상스 레저 신기술투자조합 제1호_고유번호증 신청 서류.pdf,pdf (application/pdf),2026-06-19T08:56:44.905Z,2026-06-19T08:57:58.992Z,MG-르네상스 레저 신기술투자조합 제1호,MG-르네상스 레저 신기술투자조합 제1호,SUBMISSION_PACKAGE,고유번호증 신청서류,신규 신청 준비·제출 가능성,파일명·상대경로 메타데이터,CONFIRMED,NOT_FOUND,,E2E-03 고유번호증 신규 신청,YES,FUND 마스터 일치 없음
FWO-0241,2026.06/0619/#아이씨에프 제오십오호 투자조합_고유번호증 접수증.pdf,0619,#아이씨에프 제오십오호 투자조합_고유번호증 접수증.pdf,pdf (application/pdf),2026-06-19T08:54:44.471Z,2026-06-19T08:54:43.641Z,아이씨에프 제오십오호 투자조합,아이씨에프 제오십오호 투자조합,RECEIPT,고유번호증 신청 접수증,기관 접수 완료 가능성,파일명·상대경로 메타데이터,CONFIRMED,EXACT_1,아이씨에프 제오십오호 투자조합,E2E-03 고유번호증 신규 신청,NO,
FWO-0242,2026.06/0619/#아이씨에프 제오십사호 투자조합_고유번호증 접수증.pdf,0619,#아이씨에프 제오십사호 투자조합_고유번호증 접수증.pdf,pdf (application/pdf),2026-06-19T08:54:38.265Z,2026-06-19T08:54:37.423Z,아이씨에프 제오십사호 투자조합,아이씨에프 제오십사호 투자조합,RECEIPT,고유번호증 신청 접수증,기관 접수 완료 가능성,파일명·상대경로 메타데이터,CONFIRMED,EXACT_1,아이씨에프 제오십사호 투자조합,E2E-03 고유번호증 신규 신청,NO,
FWO-0243,2026.06/0619/#아이씨에프 제오십삼호 투자조합_고유번호증 접수증.pdf,0619,#아이씨에프 제오십삼호 투자조합_고유번호증 접수증.pdf,pdf (application/pdf),2026-06-19T08:54:27.559Z,2026-06-19T08:54:26.725Z,아이씨에프 제오십삼호 투자조합,아이씨에프 제오십삼호 투자조합,RECEIPT,고유번호증 신청 접수증,기관 접수 완료 가능성,파일명·상대경로 메타데이터,CONFIRMED,EXACT_1,아이씨에프 제오십삼호 투자조합,E2E-03 고유번호증 신규 신청,NO,
FWO-0244,2026.06/0619/#아이씨에프 제오십이호 투자조합_고유번호증 접수증.pdf,0619,#아이씨에프 제오십이호 투자조합_고유번호증 접수증.pdf,pdf (application/pdf),2026-06-19T08:54:18.401Z,2026-06-19T08:54:17.561Z,아이씨에프 제오십이호 투자조합,아이씨에프 제오십이호 투자조합,RECEIPT,고유번호증 신청 접수증,기관 접수 완료 가능성,파일명·상대경로 메타데이터,CONFIRMED,EXACT_1,아이씨에프 제오십이호 투자조합,E2E-03 고유번호증 신규 신청,NO,
FWO-0245,2026.06/0619/아이씨에프 제오십일호 투자조합_고유번호증.pdf,0619,아이씨에프 제오십일호 투자조합_고유번호증.pdf,pdf (application/pdf),2026-06-19T08:53:57.386Z,2026-06-19T08:53:56.560Z,아이씨에프 제오십일호 투자조합,아이씨에프 제오십일호 투자조합,RESULT_DOCUMENT,고유번호증 결과물,결과물 수령 가능성,파일명·상대경로 메타데이터,CONFIRMED,EXACT_1,아이씨에프 제오십일호 투자조합,E2E-03 고유번호증 신규 신청,NO,
FWO-0246,2026.06/0619/아이씨에프 제오십호 투자조합_고유번호증.pdf,0619,아이씨에프 제오십호 투자조합_고유번호증.pdf,pdf (application/pdf),2026-06-19T08:53:50.424Z,2026-06-19T08:53:49.582Z,아이씨에프 제오십호 투자조합,아이씨에프 제오십호 투자조합,RESULT_DOCUMENT,고유번호증 결과물,결과물 수령 가능성,파일명·상대경로 메타데이터,CONFIRMED,EXACT_1,아이씨에프 제오십호 투자조합,E2E-03 고유번호증 신규 신청,NO,
FWO-0247,2026.06/0619/#MG-르네상스 레저 신기술투자조합 제1호_고유번호증 접수증.pdf,0619,#MG-르네상스 레저 신기술투자조합 제1호_고유번호증 접수증.pdf,pdf (application/pdf),2026-06-19T08:53:38.301Z,2026-06-19T08:53:37.450Z,MG-르네상스 레저 신기술투자조합 제1호,MG-르네상스 레저 신기술투자조합 제1호,RECEIPT,고유번호증 신청 접수증,기관 접수 완료 가능성,파일명·상대경로 메타데이터,CONFIRMED,NOT_FOUND,,E2E-03 고유번호증 신규 신청,YES,FUND 마스터 일치 없음
FWO-0248,2026.06/0619/「디랩콘텐츠유니콘일자리투자조합 1 호」 관리보수 삭감에 따른 환급 요청의 건.pdf,0619,「디랩콘텐츠유니콘일자리투자조합 1 호」 관리보수 삭감에 따른 환급 요청의 건.pdf,pdf (application/pdf),2026-06-19T08:53:20.585Z,2026-06-19T08:53:19.765Z,,,UNCLASSIFIED,분류 불가,근거 부족,파일명·상대경로 메타데이터,UNCLASSIFIED,NOT_CHECKED,,,YES,파일명만으로 업무 분류 불가
FWO-0249,2026.06/0619/#아이씨에프 제오십호 투자조합_보안카드 신청서류.pdf,0619,#아이씨에프 제오십호 투자조합_보안카드 신청서류.pdf,pdf (application/pdf),2026-06-19T04:21:57.057Z,2026-06-19T04:23:26.806Z,아이씨에프 제오십호 투자조합,아이씨에프 제오십호 투자조합,SUBMISSION_PACKAGE,보안카드 신청서류,보안카드 발급 신청 가능성,파일명·상대경로 메타데이터,CONFIRMED,EXACT_1,아이씨에프 제오십호 투자조합,보안카드 발급·수령,NO,
FWO-0250,2026.06/0619/#아이씨에프 제오십일호 투자조합_보안카드 신청서류.pdf,0619,#아이씨에프 제오십일호 투자조합_보안카드 신청서류.pdf,pdf (application/pdf),2026-06-19T04:21:25.399Z,2026-06-19T04:23:25.225Z,아이씨에프 제오십일호 투자조합,아이씨에프 제오십일호 투자조합,SUBMISSION_PACKAGE,보안카드 신청서류,보안카드 발급 신청 가능성,파일명·상대경로 메타데이터,CONFIRMED,EXACT_1,아이씨에프 제오십일호 투자조합,보안카드 발급·수령,NO,
FWO-0251,2026.06/0619/##합본_아이씨에프 제오십오호 투자조합_고유번호증 신청서류.pdf,0619,##합본_아이씨에프 제오십오호 투자조합_고유번호증 신청서류.pdf,pdf (application/pdf),2026-06-19T02:41:05.189Z,2026-06-19T04:07:29.091Z,아이씨에프 제오십오호 투자조합,아이씨에프 제오십오호 투자조합,SUBMISSION_PACKAGE,고유번호증 신청서류,신규 신청 준비·제출 가능성,파일명·상대경로 메타데이터,CONFIRMED,EXACT_1,아이씨에프 제오십오호 투자조합,E2E-03 고유번호증 신규 신청,NO,
FWO-0252,2026.06/0619/##합본_아이씨에프 제오십사호 투자조합_고유번호증 신청서류.pdf,0619,##합본_아이씨에프 제오십사호 투자조합_고유번호증 신청서류.pdf,pdf (application/pdf),2026-06-19T02:40:59.431Z,2026-06-19T04:07:04.916Z,아이씨에프 제오십사호 투자조합,아이씨에프 제오십사호 투자조합,SUBMISSION_PACKAGE,고유번호증 신청서류,신규 신청 준비·제출 가능성,파일명·상대경로 메타데이터,CONFIRMED,EXACT_1,아이씨에프 제오십사호 투자조합,E2E-03 고유번호증 신규 신청,NO,
FWO-0253,2026.06/0619/##합본_아이씨에프 제오십삼호 투자조합_고유번호증 신청서류.pdf,0619,##합본_아이씨에프 제오십삼호 투자조합_고유번호증 신청서류.pdf,pdf (application/pdf),2026-06-19T02:40:54.339Z,2026-06-19T04:06:12.734Z,아이씨에프 제오십삼호 투자조합,아이씨에프 제오십삼호 투자조합,SUBMISSION_PACKAGE,고유번호증 신청서류,신규 신청 준비·제출 가능성,파일명·상대경로 메타데이터,CONFIRMED,EXACT_1,아이씨에프 제오십삼호 투자조합,E2E-03 고유번호증 신규 신청,NO,
FWO-0254,2026.06/0619/##합본_아이씨에프 제오십이호 투자조합_고유번호증 신청서류.pdf,0619,##합본_아이씨에프 제오십이호 투자조합_고유번호증 신청서류.pdf,pdf (application/pdf),2026-06-19T02:40:46.269Z,2026-06-19T04:05:39.081Z,아이씨에프 제오십이호 투자조합,아이씨에프 제오십이호 투자조합,SUBMISSION_PACKAGE,고유번호증 신청서류,신규 신청 준비·제출 가능성,파일명·상대경로 메타데이터,CONFIRMED,EXACT_1,아이씨에프 제오십이호 투자조합,E2E-03 고유번호증 신규 신청,NO,
FWO-0255,2026.06/0619/[REDACTED_SENSITIVE_FILENAME].pdf,0619,[REDACTED_SENSITIVE_FILENAME].pdf,pdf (application/pdf),2026-06-19T02:47:06.264Z,2026-06-19T02:47:05.422Z,,,SENSITIVE_REFERENCE,민감정보 포함 가능 파일,분류 제외,파일명·상대경로 메타데이터,CONFIRMED,NOT_CHECKED,,,YES,민감정보 가능 파일명 비식별 처리; 파일명만으로 업무 분류 불가
FWO-0256,2026.06/0619/[REDACTED_SENSITIVE_FILENAME].pdf,0619,[REDACTED_SENSITIVE_FILENAME].pdf,pdf (application/pdf),2026-06-19T02:46:41.197Z,2026-06-19T02:46:40.369Z,,,SENSITIVE_REFERENCE,민감정보 포함 가능 파일,분류 제외,파일명·상대경로 메타데이터,CONFIRMED,NOT_CHECKED,,,YES,민감정보 가능 파일명 비식별 처리; 파일명만으로 업무 분류 불가
FWO-0257,2026.06/0619/[REDACTED_SENSITIVE_FILENAME].pdf,0619,[REDACTED_SENSITIVE_FILENAME].pdf,pdf (application/pdf),2026-06-19T02:46:23.736Z,2026-06-19T02:46:22.912Z,,,SENSITIVE_REFERENCE,민감정보 포함 가능 파일,분류 제외,파일명·상대경로 메타데이터,CONFIRMED,NOT_CHECKED,,,YES,민감정보 가능 파일명 비식별 처리; 파일명만으로 업무 분류 불가
FWO-0258,2026.06/0619/[REDACTED_SENSITIVE_FILENAME].pdf,0619,[REDACTED_SENSITIVE_FILENAME].pdf,pdf (application/pdf),2026-06-19T02:45:56.865Z,2026-06-19T02:45:56.049Z,,,SENSITIVE_REFERENCE,민감정보 포함 가능 파일,분류 제외,파일명·상대경로 메타데이터,CONFIRMED,NOT_CHECKED,,,YES,민감정보 가능 파일명 비식별 처리; 파일명만으로 업무 분류 불가
FWO-0259,2026.06/0618/[REDACTED_SENSITIVE_FILENAME].pdf,0618,[REDACTED_SENSITIVE_FILENAME].pdf,pdf (application/pdf),2026-06-18T09:59:34.613Z,2026-06-18T09:54:34.997Z,,,SENSITIVE_REFERENCE,민감정보 포함 가능 파일,분류 제외,파일명·상대경로 메타데이터,CONFIRMED,NOT_CHECKED,,,YES,민감정보 가능 파일명 비식별 처리; 파일명만으로 업무 분류 불가
FWO-0260,2026.06/0618/[REDACTED_SENSITIVE_FILENAME].pdf,0618,[REDACTED_SENSITIVE_FILENAME].pdf,pdf (application/pdf),2026-06-18T09:59:34.653Z,2026-06-18T09:54:03.022Z,,,SENSITIVE_REFERENCE,민감정보 포함 가능 파일,분류 제외,파일명·상대경로 메타데이터,CONFIRMED,NOT_CHECKED,,,YES,민감정보 가능 파일명 비식별 처리; 파일명만으로 업무 분류 불가
FWO-0261,2026.06/0618/#아이씨에프 제오십호 투자조합_고유번호증 신청서류.pdf,0618,#아이씨에프 제오십호 투자조합_고유번호증 신청서류.pdf,pdf (application/pdf),2026-06-18T08:43:17.308Z,2026-06-18T08:37:27.567Z,아이씨에프 제오십호 투자조합,아이씨에프 제오십호 투자조합,SUBMISSION_PACKAGE,고유번호증 신청서류,신규 신청 준비·제출 가능성,파일명·상대경로 메타데이터,CONFIRMED,EXACT_1,아이씨에프 제오십호 투자조합,E2E-03 고유번호증 신규 신청,NO,
FWO-0262,2026.06/0618/#아이씨에프 제오십일호 투자조합_고유번호증 신청서류.pdf,0618,#아이씨에프 제오십일호 투자조합_고유번호증 신청서류.pdf,pdf (application/pdf),2026-06-18T08:43:22.265Z,2026-06-18T08:33:00.186Z,아이씨에프 제오십일호 투자조합,아이씨에프 제오십일호 투자조합,SUBMISSION_PACKAGE,고유번호증 신청서류,신규 신청 준비·제출 가능성,파일명·상대경로 메타데이터,CONFIRMED,EXACT_1,아이씨에프 제오십일호 투자조합,E2E-03 고유번호증 신규 신청,NO,
FWO-0263,2026.06/0618/#아이씨에프 제오십일호 투자조합_고유번호증 접수증.pdf,0618,#아이씨에프 제오십일호 투자조합_고유번호증 접수증.pdf,pdf (application/pdf),2026-06-18T08:43:22.159Z,2026-06-18T08:15:15.590Z,아이씨에프 제오십일호 투자조합,아이씨에프 제오십일호 투자조합,RECEIPT,고유번호증 신청 접수증,기관 접수 완료 가능성,파일명·상대경로 메타데이터,CONFIRMED,EXACT_1,아이씨에프 제오십일호 투자조합,E2E-03 고유번호증 신규 신청,NO,
FWO-0264,2026.06/0618/#아이씨에프 제오십호 투자조합_고유번호증 접수증.pdf,0618,#아이씨에프 제오십호 투자조합_고유번호증 접수증.pdf,pdf (application/pdf),2026-06-18T08:43:17.355Z,2026-06-18T08:14:58.124Z,아이씨에프 제오십호 투자조합,아이씨에프 제오십호 투자조합,RECEIPT,고유번호증 신청 접수증,기관 접수 완료 가능성,파일명·상대경로 메타데이터,CONFIRMED,EXACT_1,아이씨에프 제오십호 투자조합,E2E-03 고유번호증 신규 신청,NO,
FWO-0265,2026.06/0618/##합본_테일프론티어투자조합2호_계좌개설서류_260618.pdf,0618,##합본_테일프론티어투자조합2호_계좌개설서류_260618.pdf,pdf (application/pdf),2026-06-18T05:37:40.464Z,2026-06-18T08:06:44.583Z,테일프론티어투자조합2호,테일프론티어투자조합2호,SUBMISSION_PACKAGE,계좌개설 신청·제출서류,계좌개설 준비·신청 가능성,파일명·상대경로 메타데이터,CONFIRMED,EXACT_1,테일프론티어투자조합2호,계좌개설 준비·신청,NO,
FWO-0266,2026.06/0618/##합본_숙명-미라 스타트업투자조합1호_계좌개설서류_260618.pdf,0618,##합본_숙명-미라 스타트업투자조합1호_계좌개설서류_260618.pdf,pdf (application/pdf),2026-06-18T05:37:50.896Z,2026-06-18T08:06:05.364Z,숙명-미라 스타트업투자조합1호,숙명-미라 스타트업투자조합1호,SUBMISSION_PACKAGE,계좌개설 신청·제출서류,계좌개설 준비·신청 가능성,파일명·상대경로 메타데이터,CONFIRMED,EXACT_1,숙명-미라 스타트업투자조합1호,계좌개설 준비·신청,NO,
FWO-0267,2026.06/0617/하이 모빌리티 신기술투자조합_보안 카드.pdf,0617,하이 모빌리티 신기술투자조합_보안 카드.pdf,pdf (application/pdf),2026-06-17T06:36:03.324Z,2026-06-17T06:38:40.287Z,하이 모빌리티 신기술투자조합,하이 모빌리티 신기술투자조합,SECURITY_CARD,보안카드,보안카드 발급·수령 가능성,파일명·상대경로 메타데이터,CONFIRMED,NOT_FOUND,,보안카드 발급·수령,YES,FUND 마스터 일치 없음
FWO-0268,2026.06/0616/#하이 모빌리티 신기술투자조합_보안카드 신청서.pdf,0616,#하이 모빌리티 신기술투자조합_보안카드 신청서.pdf,pdf (application/pdf),2026-06-16T06:59:34.804Z,2026-06-16T06:59:49.012Z,하이 모빌리티 신기술투자조합,하이 모빌리티 신기술투자조합,SUBMISSION_PACKAGE,보안카드 신청서류,보안카드 발급 신청 가능성,파일명·상대경로 메타데이터,CONFIRMED,NOT_FOUND,,보안카드 발급·수령,YES,FUND 마스터 일치 없음
FWO-0269,2026.06/0615/#에스앤리딩 신기술사업투자조합 제1호_폐업신고 접수증.pdf,0615,#에스앤리딩 신기술사업투자조합 제1호_폐업신고 접수증.pdf,pdf (application/pdf),2026-06-15T07:29:22.062Z,2026-06-15T07:29:21.392Z,에스앤리딩 신기술사업투자조합 제1호,에스앤리딩 신기술사업투자조합 제1호,RECEIPT,폐업 신고 산출물,폐업 신고 접수 가능성,파일명·상대경로 메타데이터,CONFIRMED,SIMILAR_1,에스앤리딩신기술사업투자조합제1호,고유번호증 폐업·청산,YES,유사명 자동 연결 금지; 사람 확인 필요
FWO-0270,2026.06/0615/에스앤리딩 신기술사업투자조합 제1호_폐업신고(날인본).pdf,0615,에스앤리딩 신기술사업투자조합 제1호_폐업신고(날인본).pdf,pdf (application/pdf),2026-06-15T07:29:04.789Z,2026-06-15T07:29:04.109Z,에스앤리딩 신기술사업투자조합 제1호,에스앤리딩 신기술사업투자조합 제1호,SUBMISSION_PACKAGE,폐업 신고 산출물,폐업 신고 준비·제출 가능성,파일명·상대경로 메타데이터,CONFIRMED,SIMILAR_1,에스앤리딩신기술사업투자조합제1호,고유번호증 폐업·청산,YES,유사명 자동 연결 금지; 사람 확인 필요
FWO-0271,2026.06/0612/한국딥테크기술투자조합_보안 카드.pdf,0612,한국딥테크기술투자조합_보안 카드.pdf,pdf (application/pdf),2026-06-12T04:13:08.918Z,2026-06-12T04:14:02.040Z,한국딥테크기술투자조합,한국딥테크기술투자조합,SECURITY_CARD,보안카드,보안카드 발급·수령 가능성,파일명·상대경로 메타데이터,CONFIRMED,NOT_FOUND,,보안카드 발급·수령,YES,FUND 마스터 일치 없음
FWO-0272,2026.06/0611/한국딥테크기술투자조합_고유번호증.pdf,0611,한국딥테크기술투자조합_고유번호증.pdf,pdf (application/pdf),2026-06-11T06:46:23.420Z,2026-06-11T06:46:22.743Z,한국딥테크기술투자조합,한국딥테크기술투자조합,RESULT_DOCUMENT,고유번호증 결과물,결과물 수령 가능성,파일명·상대경로 메타데이터,CONFIRMED,NOT_FOUND,,E2E-03 고유번호증 신규 신청,YES,FUND 마스터 일치 없음
FWO-0273,2026.06/0611/#한국딥테크기술투자조합_보안카드 신청서.pdf,0611,#한국딥테크기술투자조합_보안카드 신청서.pdf,pdf (application/pdf),2026-06-11T06:46:17.396Z,2026-06-11T06:46:16.724Z,한국딥테크기술투자조합,한국딥테크기술투자조합,SUBMISSION_PACKAGE,보안카드 신청서류,보안카드 발급 신청 가능성,파일명·상대경로 메타데이터,CONFIRMED,NOT_FOUND,,보안카드 발급·수령,YES,FUND 마스터 일치 없음
FWO-0274,2026.06/0611/아이온 크로노스 벤처투자조합_보안카드.pdf,0611,아이온 크로노스 벤처투자조합_보안카드.pdf,pdf (application/pdf),2026-06-11T05:29:00.203Z,2026-06-11T04:21:33.919Z,아이온 크로노스 벤처투자조합,아이온 크로노스 벤처투자조합,SECURITY_CARD,보안카드,보안카드 발급·수령 가능성,파일명·상대경로 메타데이터,CONFIRMED,EXACT_1,아이온 크로노스 벤처투자조합,보안카드 발급·수령,NO,
FWO-0275,2026.06/0610/후속 서류 3건.pdf,0610,후속 서류 3건.pdf,pdf (application/pdf),2026-06-10T07:52:40.379Z,2026-06-10T07:52:39.625Z,,,UNCLASSIFIED,분류 불가,근거 부족,파일명·상대경로 메타데이터,UNCLASSIFIED,NOT_CHECKED,,,YES,파일명만으로 업무 분류 불가
FWO-0276,2026.06/0610/#한국딥테크기술투자조합__고유번호증 신청서류.pdf,0610,#한국딥테크기술투자조합__고유번호증 신청서류.pdf,pdf (application/pdf),2026-06-10T07:51:46.833Z,2026-06-10T07:51:45.984Z,한국딥테크기술투자조합,한국딥테크기술투자조합,SUBMISSION_PACKAGE,고유번호증 신청서류,신규 신청 준비·제출 가능성,파일명·상대경로 메타데이터,CONFIRMED,NOT_FOUND,,E2E-03 고유번호증 신규 신청,YES,FUND 마스터 일치 없음
FWO-0277,2026.06/0610/센티말투자조합_증권거래세 신고서.pdf,0610,센티말투자조합_증권거래세 신고서.pdf,pdf (application/pdf),2026-06-10T07:51:06.940Z,2026-06-10T07:51:06.156Z,센티말투자조합,센티말투자조합,SUBMISSION_PACKAGE,증권거래세 신고서,세무서 기타 업무 가능성,파일명·상대경로 메타데이터,CONFIRMED,NOT_FOUND,,세무서 기타 업무,YES,FUND 마스터 일치 없음
FWO-0278,2026.06/0610/#아이온 크로노스 벤처투자조합_보안카드 신청서.pdf,0610,#아이온 크로노스 벤처투자조합_보안카드 신청서.pdf,pdf (application/pdf),2026-06-10T07:50:33.774Z,2026-06-10T07:50:33.032Z,아이온 크로노스 벤처투자조합,아이온 크로노스 벤처투자조합,SUBMISSION_PACKAGE,보안카드 신청서류,보안카드 발급 신청 가능성,파일명·상대경로 메타데이터,CONFIRMED,EXACT_1,아이온 크로노스 벤처투자조합,보안카드 발급·수령,NO,
FWO-0279,2026.06/0609/#아이온 크로노스 벤처투자조합_고유번호증 신청서(일부 날인X)-.pdf,0609,#아이온 크로노스 벤처투자조합_고유번호증 신청서(일부 날인X)-.pdf,pdf (application/pdf),2026-06-09T09:23:15.326Z,2026-06-09T09:23:14.515Z,아이온 크로노스 벤처투자조합,아이온 크로노스 벤처투자조합,SUBMISSION_PACKAGE,고유번호증 신청서류,신규 신청 준비·제출 가능성,파일명·상대경로 메타데이터,CONFIRMED,EXACT_1,아이온 크로노스 벤처투자조합,E2E-03 고유번호증 신규 신청,NO,
FWO-0280,2026.06/0609/#아이온 크로노스 벤처투자조합_고유번호증 접수증.pdf,0609,#아이온 크로노스 벤처투자조합_고유번호증 접수증.pdf,pdf (application/pdf),2026-06-09T08:46:42.402Z,2026-06-09T08:46:47.826Z,아이온 크로노스 벤처투자조합,아이온 크로노스 벤처투자조합,RECEIPT,고유번호증 신청 접수증,기관 접수 완료 가능성,파일명·상대경로 메타데이터,CONFIRMED,EXACT_1,아이온 크로노스 벤처투자조합,E2E-03 고유번호증 신규 신청,NO,
FWO-0281,2026.06/0609/고유번호증 1개&폐업신고 접수증 3개(분할필요).pdf,0609,고유번호증 1개&폐업신고 접수증 3개(분할필요).pdf,pdf (application/pdf),2026-06-09T08:46:14.418Z,2026-06-09T08:46:13.670Z,,,RECEIPT,고유번호증 폐업·청산 산출물,폐업 신고 접수 가능성,파일명·상대경로 메타데이터,CONFIRMED,NOT_CHECKED,,고유번호증 폐업·청산,YES,
FWO-0282,2026.06/0609/#워터베어 투자조합_폐업신고(날인본).pdf,0609,#워터베어 투자조합_폐업신고(날인본).pdf,pdf (application/pdf),2026-06-09T08:45:45.263Z,2026-06-09T08:45:44.528Z,워터베어 투자조합,워터베어 투자조합,SUBMISSION_PACKAGE,폐업 신고 산출물,폐업 신고 준비·제출 가능성,파일명·상대경로 메타데이터,CONFIRMED,EXACT_1,워터베어 투자조합,고유번호증 폐업·청산,NO,
FWO-0283,2026.06/0609/#센티넬투자조합_폐업신고 접수증.pdf,0609,#센티넬투자조합_폐업신고 접수증.pdf,pdf (application/pdf),2026-06-09T08:45:30.545Z,2026-06-09T08:45:29.831Z,센티넬투자조합,센티넬투자조합,RECEIPT,폐업 신고 산출물,폐업 신고 접수 가능성,파일명·상대경로 메타데이터,CONFIRMED,EXACT_1,센티넬투자조합,고유번호증 폐업·청산,NO,
FWO-0284,2026.06/0609/#썬데이런 개인투자조합 1호_폐업신고 접수증.pdf,0609,#썬데이런 개인투자조합 1호_폐업신고 접수증.pdf,pdf (application/pdf),2026-06-09T08:45:19.597Z,2026-06-09T08:45:18.839Z,썬데이런 개인투자조합 1호,썬데이런 개인투자조합 1호,RECEIPT,폐업 신고 산출물,폐업 신고 접수 가능성,파일명·상대경로 메타데이터,CONFIRMED,EXACT_1,썬데이런 개인투자조합 1호,고유번호증 폐업·청산,NO,
FWO-0285,2026.06/0609/#대신-HIP 우주항공 신기술투자조합 제1호_보안카드 신청서.pdf,0609,#대신-HIP 우주항공 신기술투자조합 제1호_보안카드 신청서.pdf,pdf (application/pdf),2026-06-09T09:24:40.435Z,2026-06-05T02:18:29.710Z,대신-HIP 우주항공 신기술투자조합 제1호,대신-HIP 우주항공 신기술투자조합 제1호,SUBMISSION_PACKAGE,보안카드 신청서류,보안카드 발급 신청 가능성,파일명·상대경로 메타데이터,CONFIRMED,NOT_FOUND,,보안카드 발급·수령,YES,FUND 마스터 일치 없음
FWO-0286,2026.06/0623/작업파일/MG-르네상스 레저 신기술투자조합 제1호_보안카드.jpg,0623,MG-르네상스 레저 신기술투자조합 제1호_보안카드.jpg,jpg (image/jpeg),2026-06-23T03:16:10.996Z,2026-06-23T03:16:10.149Z,MG-르네상스 레저 신기술투자조합 제1호,MG-르네상스 레저 신기술투자조합 제1호,SECURITY_CARD,보안카드,보안카드 발급·수령 가능성,파일명·상대경로 메타데이터,CONFIRMED,NOT_FOUND,,보안카드 발급·수령,YES,FUND 마스터 일치 없음
FWO-0287,2026.06/0623/작업파일/아이씨에프 제오십삼호 투자조합_계좌개설서류.pdf,0623,아이씨에프 제오십삼호 투자조합_계좌개설서류.pdf,pdf (application/pdf),2026-06-23T02:09:39.698Z,2026-06-23T00:33:04.592Z,아이씨에프 제오십삼호 투자조합,아이씨에프 제오십삼호 투자조합,SUBMISSION_PACKAGE,계좌개설 신청·제출서류,계좌개설 준비·신청 가능성,파일명·상대경로 메타데이터,CONFIRMED,EXACT_1,아이씨에프 제오십삼호 투자조합,계좌개설 준비·신청,NO,
FWO-0288,2026.06/0623/작업파일/아이씨에프 제오십오호 투자조합_계좌개설서류.pdf,0623,아이씨에프 제오십오호 투자조합_계좌개설서류.pdf,pdf (application/pdf),2026-06-23T02:09:40.247Z,2026-06-23T00:19:22.117Z,아이씨에프 제오십오호 투자조합,아이씨에프 제오십오호 투자조합,SUBMISSION_PACKAGE,계좌개설 신청·제출서류,계좌개설 준비·신청 가능성,파일명·상대경로 메타데이터,CONFIRMED,EXACT_1,아이씨에프 제오십오호 투자조합,계좌개설 준비·신청,NO,
FWO-0289,2026.06/0623/작업파일/아이씨에프 제오십이호 투자조합_계좌개설서류.pdf,0623,아이씨에프 제오십이호 투자조합_계좌개설서류.pdf,pdf (application/pdf),2026-06-23T02:09:33.347Z,2026-06-23T00:18:00.539Z,아이씨에프 제오십이호 투자조합,아이씨에프 제오십이호 투자조합,SUBMISSION_PACKAGE,계좌개설 신청·제출서류,계좌개설 준비·신청 가능성,파일명·상대경로 메타데이터,CONFIRMED,EXACT_1,아이씨에프 제오십이호 투자조합,계좌개설 준비·신청,NO,
FWO-0290,2026.06/0623/작업파일/아이씨에프 제오십사호 투자조합_계좌개설서류.pdf,0623,아이씨에프 제오십사호 투자조합_계좌개설서류.pdf,pdf (application/pdf),2026-06-23T02:09:39.066Z,2026-06-23T00:16:59.208Z,아이씨에프 제오십사호 투자조합,아이씨에프 제오십사호 투자조합,SUBMISSION_PACKAGE,계좌개설 신청·제출서류,계좌개설 준비·신청 가능성,파일명·상대경로 메타데이터,CONFIRMED,EXACT_1,아이씨에프 제오십사호 투자조합,계좌개설 준비·신청,NO,
FWO-0291,2026.06/0623/작업파일/20260623_090556.jpg,0623,20260623_090556.jpg,jpg (image/jpeg),2026-06-23T02:09:38.390Z,2026-06-23T00:05:58.425Z,,,UNCLASSIFIED,분류 불가,근거 부족,파일명·상대경로 메타데이터,UNCLASSIFIED,NOT_CHECKED,,,YES,파일명만으로 업무 분류 불가
FWO-0292,2026.06/0623/작업파일/20260623_090458.jpg,0623,20260623_090458.jpg,jpg (image/jpeg),2026-06-23T02:09:39.907Z,2026-06-23T00:05:02.516Z,,,UNCLASSIFIED,분류 불가,근거 부족,파일명·상대경로 메타데이터,UNCLASSIFIED,NOT_CHECKED,,,YES,파일명만으로 업무 분류 불가
FWO-0293,2026.06/0623/작업파일/20260623_090026.jpg,0623,20260623_090026.jpg,jpg (image/jpeg),2026-06-23T02:09:40.024Z,2026-06-23T00:00:28.860Z,,,UNCLASSIFIED,분류 불가,근거 부족,파일명·상대경로 메타데이터,UNCLASSIFIED,NOT_CHECKED,,,YES,파일명만으로 업무 분류 불가
FWO-0294,2026.06/0623/작업파일/20260623_084252.jpg,0623,20260623_084252.jpg,jpg (image/jpeg),2026-06-23T02:09:32.992Z,2026-06-22T23:42:56.566Z,,,UNCLASSIFIED,분류 불가,근거 부족,파일명·상대경로 메타데이터,UNCLASSIFIED,NOT_CHECKED,,,YES,파일명만으로 업무 분류 불가
FWO-0295,2026.06/0623/작업파일/아이씨에프 제오십오호 투자조합_고유번호증.pdf,0623,아이씨에프 제오십오호 투자조합_고유번호증.pdf,pdf (application/pdf),2026-06-23T02:09:39.944Z,2026-06-22T09:26:02.494Z,아이씨에프 제오십오호 투자조합,아이씨에프 제오십오호 투자조합,RESULT_DOCUMENT,고유번호증 결과물,결과물 수령 가능성,파일명·상대경로 메타데이터,CONFIRMED,EXACT_1,아이씨에프 제오십오호 투자조합,E2E-03 고유번호증 신규 신청,NO,
FWO-0296,2026.06/0623/작업파일/아이씨에프 제오십사호 투자조합_고유번호증.pdf,0623,아이씨에프 제오십사호 투자조합_고유번호증.pdf,pdf (application/pdf),2026-06-23T02:09:39.741Z,2026-06-22T09:25:39.006Z,아이씨에프 제오십사호 투자조합,아이씨에프 제오십사호 투자조합,RESULT_DOCUMENT,고유번호증 결과물,결과물 수령 가능성,파일명·상대경로 메타데이터,CONFIRMED,EXACT_1,아이씨에프 제오십사호 투자조합,E2E-03 고유번호증 신규 신청,NO,
FWO-0297,2026.06/0623/작업파일/아이씨에프 제오십삼호 투자조합_고유번호증.pdf,0623,아이씨에프 제오십삼호 투자조합_고유번호증.pdf,pdf (application/pdf),2026-06-23T02:09:40.064Z,2026-06-22T09:25:20.949Z,아이씨에프 제오십삼호 투자조합,아이씨에프 제오십삼호 투자조합,RESULT_DOCUMENT,고유번호증 결과물,결과물 수령 가능성,파일명·상대경로 메타데이터,CONFIRMED,EXACT_1,아이씨에프 제오십삼호 투자조합,E2E-03 고유번호증 신규 신청,NO,
FWO-0298,2026.06/0623/작업파일/아이씨에프 제오십이호 투자조합_고유번호증.pdf,0623,아이씨에프 제오십이호 투자조합_고유번호증.pdf,pdf (application/pdf),2026-06-23T02:09:33.033Z,2026-06-22T09:25:06.186Z,아이씨에프 제오십이호 투자조합,아이씨에프 제오십이호 투자조합,RESULT_DOCUMENT,고유번호증 결과물,결과물 수령 가능성,파일명·상대경로 메타데이터,CONFIRMED,EXACT_1,아이씨에프 제오십이호 투자조합,E2E-03 고유번호증 신규 신청,NO,
FWO-0299,2026.06/0623/작업파일/!피와이투 조합_날인본.pdf,0623,!피와이투 조합_날인본.pdf,pdf (application/pdf),2026-06-22T09:18:28.219Z,2026-06-22T09:15:08.072Z,피와이투 조합,피와이투 조합,OTHER_BANK_ARTIFACT,은행 기타 산출물,은행 기타 업무 가능성,파일명·상대경로 메타데이터,MEDIUM,NOT_FOUND,,은행 기타 업무,YES,FUND 마스터 일치 없음
FWO-0300,2026.06/0623/작업파일/#피와이투 조합_보안카드 제출서류.pdf,0623,#피와이투 조합_보안카드 제출서류.pdf,pdf (application/pdf),2026-06-22T09:18:20.404Z,2026-06-22T09:14:52.391Z,피와이투 조합,피와이투 조합,SUBMISSION_PACKAGE,보안카드 신청서류,보안카드 발급 신청 가능성,파일명·상대경로 메타데이터,CONFIRMED,NOT_FOUND,,보안카드 발급·수령,YES,FUND 마스터 일치 없음
FWO-0301,2026.06/0623/작업파일/피와이투조합_은행 서류.pdf,0623,피와이투조합_은행 서류.pdf,pdf (application/pdf),2026-06-22T07:25:13.866Z,2026-06-22T07:25:13.114Z,피와이투조합,피와이투조합,OTHER_BANK_ARTIFACT,은행 기타 산출물,은행 기타 업무 가능성,파일명·상대경로 메타데이터,MEDIUM,NOT_FOUND,,은행 기타 업무,YES,FUND 마스터 일치 없음
FWO-0302,2026.06/0623/작업파일/★일반계좌개설_GP인감날인_서류 합본_피와이투 조합.pdf,0623,★일반계좌개설_GP인감날인_서류 합본_피와이투 조합.pdf,pdf (application/pdf),2026-06-22T09:42:05.534Z,2026-06-22T04:19:24.145Z,,,SUBMISSION_PACKAGE,계좌개설 신청·제출서류,계좌개설 준비·신청 가능성,파일명·상대경로 메타데이터,CONFIRMED,NOT_CHECKED,,계좌개설 준비·신청,YES,
FWO-0303,2026.06/0623/작업파일/개인투자조합 결성계획 승인 통보(아이씨에프 제오십이호투자조합).pdf,0623,개인투자조합 결성계획 승인 통보(아이씨에프 제오십이호투자조합).pdf,pdf (application/pdf),2026-06-23T02:09:33.379Z,2026-05-19T04:24:52.000Z,,,UNCLASSIFIED,분류 불가,근거 부족,파일명·상대경로 메타데이터,UNCLASSIFIED,NOT_CHECKED,,,YES,파일명만으로 업무 분류 불가
FWO-0304,2026.06/0623/작업파일/개인투자조합 결성계획 승인 통보(아이씨에프 제오십오호 투자조합).pdf,0623,개인투자조합 결성계획 승인 통보(아이씨에프 제오십오호 투자조합).pdf,pdf (application/pdf),2026-06-23T02:09:39.874Z,2026-05-19T04:24:40.000Z,,,UNCLASSIFIED,분류 불가,근거 부족,파일명·상대경로 메타데이터,UNCLASSIFIED,NOT_CHECKED,,,YES,파일명만으로 업무 분류 불가
FWO-0305,2026.06/0623/작업파일/개인투자조합 결성계획 승인 통보(아이씨에프 제오십삼호 투자조합).pdf,0623,개인투자조합 결성계획 승인 통보(아이씨에프 제오십삼호 투자조합).pdf,pdf (application/pdf),2026-06-23T02:09:39.785Z,2026-05-19T04:24:30.000Z,,,UNCLASSIFIED,분류 불가,근거 부족,파일명·상대경로 메타데이터,UNCLASSIFIED,NOT_CHECKED,,,YES,파일명만으로 업무 분류 불가
FWO-0306,2026.06/0623/작업파일/개인투자조합 결성계획 승인 통보(아이씨에프 제오십사호 투자조합).pdf,0623,개인투자조합 결성계획 승인 통보(아이씨에프 제오십사호 투자조합).pdf,pdf (application/pdf),2026-06-23T02:09:39.108Z,2026-05-19T04:24:16.000Z,,,UNCLASSIFIED,분류 불가,근거 부족,파일명·상대경로 메타데이터,UNCLASSIFIED,NOT_CHECKED,,,YES,파일명만으로 업무 분류 불가
FWO-0307,2026.06/0623/작업파일/55 아이씨에프 제오십오호 투자조합_규약(안)_결성계획.pdf,0623,55 아이씨에프 제오십오호 투자조합_규약(안)_결성계획.pdf,pdf (application/pdf),2026-06-23T02:09:39.984Z,2026-04-24T10:01:57.057Z,,,UNCLASSIFIED,분류 불가,근거 부족,파일명·상대경로 메타데이터,UNCLASSIFIED,NOT_CHECKED,,,YES,파일명만으로 업무 분류 불가
FWO-0308,2026.06/0623/작업파일/54 아이씨에프 제오십사호 투자조합_규약(안)_결성계획.pdf,0623,54 아이씨에프 제오십사호 투자조합_규약(안)_결성계획.pdf,pdf (application/pdf),2026-06-23T02:09:38.436Z,2026-04-24T09:59:20.068Z,,,UNCLASSIFIED,분류 불가,근거 부족,파일명·상대경로 메타데이터,UNCLASSIFIED,NOT_CHECKED,,,YES,파일명만으로 업무 분류 불가
FWO-0309,2026.06/0623/작업파일/53 아이씨에프 제오십삼호 투자조합_규약(안)_결성계획.pdf,0623,53 아이씨에프 제오십삼호 투자조합_규약(안)_결성계획.pdf,pdf (application/pdf),2026-06-23T02:09:39.832Z,2026-04-24T09:55:28.701Z,,,UNCLASSIFIED,분류 불가,근거 부족,파일명·상대경로 메타데이터,UNCLASSIFIED,NOT_CHECKED,,,YES,파일명만으로 업무 분류 불가
FWO-0310,2026.06/0623/작업파일/52 아이씨에프 제오십이호 투자조합_규약(안)_결성계획.pdf,0623,52 아이씨에프 제오십이호 투자조합_규약(안)_결성계획.pdf,pdf (application/pdf),2026-06-23T02:09:33.071Z,2026-04-24T09:53:06.883Z,,,UNCLASSIFIED,분류 불가,근거 부족,파일명·상대경로 메타데이터,UNCLASSIFIED,NOT_CHECKED,,,YES,파일명만으로 업무 분류 불가
FWO-0311,2026.06/0624/작업파일/37[보완서류] 금융거래목적확인서(국문).pdf,0624,37[보완서류] 금융거래목적확인서(국문).pdf,pdf (application/pdf),2026-06-24T06:10:29.871Z,2026-06-24T06:11:38.691Z,,,SUPPLEMENT,계좌개설 보완 산출물,계좌개설 보완 가능성,파일명·상대경로 메타데이터,MEDIUM,NOT_CHECKED,,계좌개설 보완,YES,
FWO-0312,2026.06/0624/작업파일/53[보완서류] 금융거래목적확인서(국문).pdf,0624,53[보완서류] 금융거래목적확인서(국문).pdf,pdf (application/pdf),2026-06-24T05:07:56.389Z,2026-06-24T05:38:31.025Z,,,SUPPLEMENT,계좌개설 보완 산출물,계좌개설 보완 가능성,파일명·상대경로 메타데이터,MEDIUM,NOT_CHECKED,,계좌개설 보완,YES,
FWO-0313,2026.06/0624/작업파일/51[보완서류] 금융거래목적확인서(국문).pdf,0624,51[보완서류] 금융거래목적확인서(국문).pdf,pdf (application/pdf),2026-06-24T05:07:32.753Z,2026-06-24T05:36:18.569Z,,,SUPPLEMENT,계좌개설 보완 산출물,계좌개설 보완 가능성,파일명·상대경로 메타데이터,MEDIUM,NOT_CHECKED,,계좌개설 보완,YES,
FWO-0314,2026.06/0624/작업파일/52[보완서류] 금융거래목적확인서(국문).pdf,0624,52[보완서류] 금융거래목적확인서(국문).pdf,pdf (application/pdf),2026-06-24T05:07:45.117Z,2026-06-24T05:35:59.079Z,,,SUPPLEMENT,계좌개설 보완 산출물,계좌개설 보완 가능성,파일명·상대경로 메타데이터,MEDIUM,NOT_CHECKED,,계좌개설 보완,YES,
FWO-0315,2026.06/0624/작업파일/54[보완서류] 금융거래목적확인서(국문).pdf,0624,54[보완서류] 금융거래목적확인서(국문).pdf,pdf (application/pdf),2026-06-24T05:08:07.420Z,2026-06-24T05:35:38.847Z,,,SUPPLEMENT,계좌개설 보완 산출물,계좌개설 보완 가능성,파일명·상대경로 메타데이터,MEDIUM,NOT_CHECKED,,계좌개설 보완,YES,
FWO-0316,2026.06/0624/작업파일/55[보완서류] 금융거래목적확인서(국문).pdf,0624,55[보완서류] 금융거래목적확인서(국문).pdf,pdf (application/pdf),2026-06-24T05:08:23.286Z,2026-06-24T05:35:16.768Z,,,SUPPLEMENT,계좌개설 보완 산출물,계좌개설 보완 가능성,파일명·상대경로 메타데이터,MEDIUM,NOT_CHECKED,,계좌개설 보완,YES,
FWO-0317,2026.06/0619/55호/[REDACTED_SENSITIVE_FILENAME].pdf,0619,[REDACTED_SENSITIVE_FILENAME].pdf,pdf (application/pdf),2026-06-18T08:50:33.846Z,2026-06-18T09:07:15.726Z,,,SENSITIVE_REFERENCE,민감정보 포함 가능 파일,분류 제외,파일명·상대경로 메타데이터,CONFIRMED,NOT_CHECKED,,,YES,민감정보 가능 파일명 비식별 처리
FWO-0318,2026.06/0619/55호/6. 55 아이씨에프 제오십오호 투자조합_규약(안)_결성계획.pdf,0619,6. 55 아이씨에프 제오십오호 투자조합_규약(안)_결성계획.pdf,pdf (application/pdf),2026-06-18T08:49:32.483Z,2026-06-18T08:52:46.598Z,,,UNCLASSIFIED,분류 불가,근거 부족,파일명·상대경로 메타데이터,UNCLASSIFIED,NOT_CHECKED,,,YES,파일명만으로 업무 분류 불가
FWO-0319,2026.06/0619/55호/5. 55 아이씨에프 제오십오호 투자조합_결성계획서.pdf,0619,5. 55 아이씨에프 제오십오호 투자조합_결성계획서.pdf,pdf (application/pdf),2026-06-18T08:48:08.891Z,2026-06-18T08:52:35.014Z,,,UNCLASSIFIED,분류 불가,근거 부족,파일명·상대경로 메타데이터,UNCLASSIFIED,NOT_CHECKED,,,YES,파일명만으로 업무 분류 불가
FWO-0320,2026.06/0619/55호/4. 임대차계약서_티에스피_디앤오.pdf,0619,4. 임대차계약서_티에스피_디앤오.pdf,pdf (application/pdf),2026-06-18T08:42:48.356Z,2026-06-18T08:51:51.997Z,,,UNCLASSIFIED,분류 불가,근거 부족,파일명·상대경로 메타데이터,UNCLASSIFIED,NOT_CHECKED,,,YES,파일명만으로 업무 분류 불가
FWO-0321,2026.06/0619/55호/2. [벤투관련_승인공문]안내문_벤처투자조합_결성총회_폐지.pdf,0619,2. [벤투관련_승인공문]안내문_벤처투자조합_결성총회_폐지.pdf,pdf (application/pdf),2026-06-18T08:50:51.606Z,2026-06-09T05:44:22.533Z,,,UNCLASSIFIED,분류 불가,근거 부족,파일명·상대경로 메타데이터,UNCLASSIFIED,NOT_CHECKED,,,YES,파일명만으로 업무 분류 불가
FWO-0322,2026.06/0619/55호/1. 개인투자조합 결성계획 승인 통보(아이씨에프 제오십오호 투자조합).pdf,0619,1. 개인투자조합 결성계획 승인 통보(아이씨에프 제오십오호 투자조합).pdf,pdf (application/pdf),2026-06-18T08:48:37.425Z,2026-05-19T04:24:40.000Z,,,UNCLASSIFIED,분류 불가,근거 부족,파일명·상대경로 메타데이터,UNCLASSIFIED,NOT_CHECKED,,,YES,파일명만으로 업무 분류 불가
FWO-0323,2026.06/0619/54호/[REDACTED_SENSITIVE_FILENAME].pdf,0619,[REDACTED_SENSITIVE_FILENAME].pdf,pdf (application/pdf),2026-06-18T08:50:33.884Z,2026-06-18T09:07:08.954Z,,,SENSITIVE_REFERENCE,민감정보 포함 가능 파일,분류 제외,파일명·상대경로 메타데이터,CONFIRMED,NOT_CHECKED,,,YES,민감정보 가능 파일명 비식별 처리
FWO-0324,2026.06/0619/54호/6. 54 아이씨에프 제오십사호 투자조합_규약(안)_결성계획.pdf,0619,6. 54 아이씨에프 제오십사호 투자조합_규약(안)_결성계획.pdf,pdf (application/pdf),2026-06-18T08:49:20.029Z,2026-06-18T08:52:45.255Z,,,UNCLASSIFIED,분류 불가,근거 부족,파일명·상대경로 메타데이터,UNCLASSIFIED,NOT_CHECKED,,,YES,파일명만으로 업무 분류 불가
FWO-0325,2026.06/0619/54호/5. 54 아이씨에프 제오십사호 투자조합_결성계획서.pdf,0619,5. 54 아이씨에프 제오십사호 투자조합_결성계획서.pdf,pdf (application/pdf),2026-06-18T08:48:02.319Z,2026-06-18T08:52:20.372Z,,,UNCLASSIFIED,분류 불가,근거 부족,파일명·상대경로 메타데이터,UNCLASSIFIED,NOT_CHECKED,,,YES,파일명만으로 업무 분류 불가
FWO-0326,2026.06/0619/54호/4. 임대차계약서_티에스피_디앤오.pdf,0619,4. 임대차계약서_티에스피_디앤오.pdf,pdf (application/pdf),2026-06-18T08:42:48.129Z,2026-06-18T08:51:50.105Z,,,UNCLASSIFIED,분류 불가,근거 부족,파일명·상대경로 메타데이터,UNCLASSIFIED,NOT_CHECKED,,,YES,파일명만으로 업무 분류 불가
FWO-0327,2026.06/0619/54호/2. [벤투관련_승인공문]안내문_벤처투자조합_결성총회_폐지.pdf,0619,2. [벤투관련_승인공문]안내문_벤처투자조합_결성총회_폐지.pdf,pdf (application/pdf),2026-06-18T08:50:51.644Z,2026-06-09T05:44:22.533Z,,,UNCLASSIFIED,분류 불가,근거 부족,파일명·상대경로 메타데이터,UNCLASSIFIED,NOT_CHECKED,,,YES,파일명만으로 업무 분류 불가
FWO-0328,2026.06/0619/54호/1. 개인투자조합 결성계획 승인 통보(아이씨에프 제오십사호 투자조합).pdf,0619,1. 개인투자조합 결성계획 승인 통보(아이씨에프 제오십사호 투자조합).pdf,pdf (application/pdf),2026-06-18T08:48:45.697Z,2026-05-19T04:24:16.000Z,,,UNCLASSIFIED,분류 불가,근거 부족,파일명·상대경로 메타데이터,UNCLASSIFIED,NOT_CHECKED,,,YES,파일명만으로 업무 분류 불가
FWO-0329,2026.06/0619/53호/[REDACTED_SENSITIVE_FILENAME].pdf,0619,[REDACTED_SENSITIVE_FILENAME].pdf,pdf (application/pdf),2026-06-18T08:50:34.896Z,2026-06-18T09:07:00.909Z,,,SENSITIVE_REFERENCE,민감정보 포함 가능 파일,분류 제외,파일명·상대경로 메타데이터,CONFIRMED,NOT_CHECKED,,,YES,민감정보 가능 파일명 비식별 처리
FWO-0330,2026.06/0619/53호/6. 53 아이씨에프 제오십삼호 투자조합_규약(안)_결성계획.pdf,0619,6. 53 아이씨에프 제오십삼호 투자조합_규약(안)_결성계획.pdf,pdf (application/pdf),2026-06-18T08:49:07.398Z,2026-06-18T08:52:42.661Z,,,UNCLASSIFIED,분류 불가,근거 부족,파일명·상대경로 메타데이터,UNCLASSIFIED,NOT_CHECKED,,,YES,파일명만으로 업무 분류 불가
FWO-0331,2026.06/0619/53호/5. 53 아이씨에프 제오십삼호 투자조합_결성계획서.pdf,0619,5. 53 아이씨에프 제오십삼호 투자조합_결성계획서.pdf,pdf (application/pdf),2026-06-18T08:47:58.676Z,2026-06-18T08:52:31.806Z,,,UNCLASSIFIED,분류 불가,근거 부족,파일명·상대경로 메타데이터,UNCLASSIFIED,NOT_CHECKED,,,YES,파일명만으로 업무 분류 불가
FWO-0332,2026.06/0619/53호/4. 임대차계약서_티에스피_디앤오.pdf,0619,4. 임대차계약서_티에스피_디앤오.pdf,pdf (application/pdf),2026-06-18T08:42:39.587Z,2026-06-18T08:51:45.275Z,,,UNCLASSIFIED,분류 불가,근거 부족,파일명·상대경로 메타데이터,UNCLASSIFIED,NOT_CHECKED,,,YES,파일명만으로 업무 분류 불가
FWO-0333,2026.06/0619/53호/2. [벤투관련_승인공문]안내문_벤처투자조합_결성총회_폐지.pdf,0619,2. [벤투관련_승인공문]안내문_벤처투자조합_결성총회_폐지.pdf,pdf (application/pdf),2026-06-18T08:50:50.565Z,2026-06-09T05:44:22.533Z,,,UNCLASSIFIED,분류 불가,근거 부족,파일명·상대경로 메타데이터,UNCLASSIFIED,NOT_CHECKED,,,YES,파일명만으로 업무 분류 불가
FWO-0334,2026.06/0619/53호/1. 개인투자조합 결성계획 승인 통보(아이씨에프 제오십삼호 투자조합).pdf,0619,1. 개인투자조합 결성계획 승인 통보(아이씨에프 제오십삼호 투자조합).pdf,pdf (application/pdf),2026-06-18T08:48:33.960Z,2026-05-19T04:24:30.000Z,,,UNCLASSIFIED,분류 불가,근거 부족,파일명·상대경로 메타데이터,UNCLASSIFIED,NOT_CHECKED,,,YES,파일명만으로 업무 분류 불가
FWO-0335,2026.06/0619/52호/6. 52 아이씨에프 제오십이호 투자조합_규약(안)_결성계획.pdf,0619,6. 52 아이씨에프 제오십이호 투자조합_규약(안)_결성계획.pdf,pdf (application/pdf),2026-06-18T08:49:03.448Z,2026-06-18T08:52:40.192Z,,,UNCLASSIFIED,분류 불가,근거 부족,파일명·상대경로 메타데이터,UNCLASSIFIED,NOT_CHECKED,,,YES,파일명만으로 업무 분류 불가
FWO-0336,2026.06/0619/52호/5. 52 아이씨에프 제오십이호 투자조합_결성계획서.pdf,0619,5. 52 아이씨에프 제오십이호 투자조합_결성계획서.pdf,pdf (application/pdf),2026-06-18T08:47:52.266Z,2026-06-18T08:52:28.189Z,,,UNCLASSIFIED,분류 불가,근거 부족,파일명·상대경로 메타데이터,UNCLASSIFIED,NOT_CHECKED,,,YES,파일명만으로 업무 분류 불가
FWO-0337,2026.06/0619/52호/4. 임대차계약서_티에스피_디앤오.pdf,0619,4. 임대차계약서_티에스피_디앤오.pdf,pdf (application/pdf),2026-06-18T08:42:39.979Z,2026-06-18T08:51:43.493Z,,,UNCLASSIFIED,분류 불가,근거 부족,파일명·상대경로 메타데이터,UNCLASSIFIED,NOT_CHECKED,,,YES,파일명만으로 업무 분류 불가
FWO-0338,2026.06/0619/52호/2. [벤투관련_승인공문]안내문_벤처투자조합_결성총회_폐지.pdf,0619,2. [벤투관련_승인공문]안내문_벤처투자조합_결성총회_폐지.pdf,pdf (application/pdf),2026-06-18T08:42:39.810Z,2026-06-18T08:50:48.915Z,,,UNCLASSIFIED,분류 불가,근거 부족,파일명·상대경로 메타데이터,UNCLASSIFIED,NOT_CHECKED,,,YES,파일명만으로 업무 분류 불가
FWO-0339,2026.06/0619/52호/1. 개인투자조합 결성계획 승인 통보(아이씨에프 제오십이호투자조합).pdf,0619,1. 개인투자조합 결성계획 승인 통보(아이씨에프 제오십이호투자조합).pdf,pdf (application/pdf),2026-06-18T08:48:28.387Z,2026-05-19T04:24:52.000Z,,,UNCLASSIFIED,분류 불가,근거 부족,파일명·상대경로 메타데이터,UNCLASSIFIED,NOT_CHECKED,,,YES,파일명만으로 업무 분류 불가
FWO-0340,2026.06/0619/52호/[REDACTED_SENSITIVE_FILENAME].pdf,0619,[REDACTED_SENSITIVE_FILENAME].pdf,pdf (application/pdf),2026-06-18T08:42:39.767Z,2024-05-02T09:01:16.000Z,,,SENSITIVE_REFERENCE,민감정보 포함 가능 파일,분류 제외,파일명·상대경로 메타데이터,CONFIRMED,NOT_CHECKED,,,YES,민감정보 가능 파일명 비식별 처리
FWO-0341,2026.06/0618/51호/20260618_184222.png,0618,20260618_184222.png,png (image/png),2026-06-18T09:42:29.373Z,2026-06-18T09:42:28.968Z,,,UNCLASSIFIED,분류 불가,근거 부족,파일명·상대경로 메타데이터,UNCLASSIFIED,NOT_CHECKED,,,YES,파일명만으로 업무 분류 불가
FWO-0342,2026.06/0618/51호/[벤투관련_승인공문]안내문_벤처투자조합_결성총회_폐지.pdf,0618,[벤투관련_승인공문]안내문_벤처투자조합_결성총회_폐지.pdf,pdf (application/pdf),2026-06-18T05:16:26.849Z,2026-06-09T05:44:22.533Z,,,UNCLASSIFIED,분류 불가,근거 부족,파일명·상대경로 메타데이터,UNCLASSIFIED,NOT_CHECKED,,,YES,파일명만으로 업무 분류 불가
FWO-0343,2026.06/0618/51호/개인투자조합 결성계획 승인 통보(아이씨에프 제오십일호 투자조합).pdf,0618,개인투자조합 결성계획 승인 통보(아이씨에프 제오십일호 투자조합).pdf,pdf (application/pdf),2026-06-18T05:16:18.215Z,2026-05-19T04:25:04.000Z,,,UNCLASSIFIED,분류 불가,근거 부족,파일명·상대경로 메타데이터,UNCLASSIFIED,NOT_CHECKED,,,YES,파일명만으로 업무 분류 불가
FWO-0344,2026.06/0618/51호/51 아이씨에프 제오십일호 투자조합_결성계획서.pdf,0618,51 아이씨에프 제오십일호 투자조합_결성계획서.pdf,pdf (application/pdf),2026-06-18T06:02:04.305Z,2026-04-24T09:49:17.992Z,,,UNCLASSIFIED,분류 불가,근거 부족,파일명·상대경로 메타데이터,UNCLASSIFIED,NOT_CHECKED,,,YES,파일명만으로 업무 분류 불가
FWO-0345,2026.06/0618/51호/51 아이씨에프 제오십일호 투자조합_규약(안)_결성계획.pdf,0618,51 아이씨에프 제오십일호 투자조합_규약(안)_결성계획.pdf,pdf (application/pdf),2026-06-18T05:15:58.867Z,2026-04-24T09:48:01.820Z,,,UNCLASSIFIED,분류 불가,근거 부족,파일명·상대경로 메타데이터,UNCLASSIFIED,NOT_CHECKED,,,YES,파일명만으로 업무 분류 불가
FWO-0346,2026.06/0618/51호/임대차계약서_티에스피_디앤오.pdf,0618,임대차계약서_티에스피_디앤오.pdf,pdf (application/pdf),2026-06-18T05:40:39.345Z,2026-03-12T02:42:58.849Z,,,UNCLASSIFIED,분류 불가,근거 부족,파일명·상대경로 메타데이터,UNCLASSIFIED,NOT_CHECKED,,,YES,파일명만으로 업무 분류 불가
FWO-0347,2026.06/0618/51호/[REDACTED_SENSITIVE_FILENAME].pdf,0618,[REDACTED_SENSITIVE_FILENAME].pdf,pdf (application/pdf),2026-06-18T05:41:06.180Z,2024-05-02T09:01:16.000Z,,,SENSITIVE_REFERENCE,민감정보 포함 가능 파일,분류 제외,파일명·상대경로 메타데이터,CONFIRMED,NOT_CHECKED,,,YES,민감정보 가능 파일명 비식별 처리
FWO-0348,2026.06/0618/50호/[벤투관련_승인공문]안내문_벤처투자조합_결성총회_폐지.pdf,0618,[벤투관련_승인공문]안내문_벤처투자조합_결성총회_폐지.pdf,pdf (application/pdf),2026-06-18T05:16:26.882Z,2026-06-09T05:44:22.533Z,,,UNCLASSIFIED,분류 불가,근거 부족,파일명·상대경로 메타데이터,UNCLASSIFIED,NOT_CHECKED,,,YES,파일명만으로 업무 분류 불가
FWO-0349,2026.06/0618/50호/개인투자조합 결성계획 승인 통보(아이씨에프 제오십호 투자조합).pdf,0618,개인투자조합 결성계획 승인 통보(아이씨에프 제오십호 투자조합).pdf,pdf (application/pdf),2026-06-18T05:16:09.838Z,2026-05-19T04:25:16.000Z,,,UNCLASSIFIED,분류 불가,근거 부족,파일명·상대경로 메타데이터,UNCLASSIFIED,NOT_CHECKED,,,YES,파일명만으로 업무 분류 불가
FWO-0350,2026.06/0618/50호/50 아이씨에프 제오십호 투자조합_결성계획서.pdf,0618,50 아이씨에프 제오십호 투자조합_결성계획서.pdf,pdf (application/pdf),2026-06-18T05:41:35.222Z,2026-04-24T09:45:17.059Z,,,UNCLASSIFIED,분류 불가,근거 부족,파일명·상대경로 메타데이터,UNCLASSIFIED,NOT_CHECKED,,,YES,파일명만으로 업무 분류 불가
FWO-0351,2026.06/0618/50호/50 아이씨에프 제오십호 투자조합_규약(안)_결성계획.pdf,0618,50 아이씨에프 제오십호 투자조합_규약(안)_결성계획.pdf,pdf (application/pdf),2026-06-18T05:15:56.492Z,2026-04-24T09:44:24.448Z,,,UNCLASSIFIED,분류 불가,근거 부족,파일명·상대경로 메타데이터,UNCLASSIFIED,NOT_CHECKED,,,YES,파일명만으로 업무 분류 불가
FWO-0352,2026.06/0618/50호/임대차계약서_티에스피_디앤오.pdf,0618,임대차계약서_티에스피_디앤오.pdf,pdf (application/pdf),2026-06-18T05:40:40.421Z,2026-03-12T02:42:58.849Z,,,UNCLASSIFIED,분류 불가,근거 부족,파일명·상대경로 메타데이터,UNCLASSIFIED,NOT_CHECKED,,,YES,파일명만으로 업무 분류 불가
FWO-0353,2026.06/0618/50호/[REDACTED_SENSITIVE_FILENAME].pdf,0618,[REDACTED_SENSITIVE_FILENAME].pdf,pdf (application/pdf),2026-06-18T05:41:07.232Z,2024-05-02T09:01:16.000Z,,,SENSITIVE_REFERENCE,민감정보 포함 가능 파일,분류 제외,파일명·상대경로 메타데이터,CONFIRMED,NOT_CHECKED,,,YES,민감정보 가능 파일명 비식별 처리
